"Date","Price","Open","High","Low","Vol.","Change %"
"04/05/2023","28.550","28.250","28.900","28.250","1.33M","1.06%"
"04/04/2023","28.250","29.000","29.250","27.800","2.47M","-3.58%"
"04/03/2023","29.300","29.000","29.400","28.300","904.40K","-2.33%"
"03/31/2023","30.000","28.250","30.000","28.000","2.82M","6.01%"
"03/30/2023","28.300","27.950","28.650","27.650","754.80K","0.00%"
"03/29/2023","28.300","27.950","28.300","27.900","725.10K","1.07%"
"03/28/2023","28.000","27.850","28.100","27.500","989.20K","0.90%"
"03/27/2023","27.750","27.500","27.950","27.500","714.60K","1.65%"
"03/24/2023","27.300","27.200","27.950","27.200","723.30K","0.55%"
"03/23/2023","27.150","28.000","28.000","27.150","1.59M","-4.06%"
"03/22/2023","28.300","27.450","28.400","27.450","1.58M","3.66%"
"03/21/2023","27.300","27.250","27.750","26.950","2.64M","3.02%"
"03/20/2023","26.500","26.800","27.250","26.400","2.13M","-1.12%"
"03/17/2023","26.800","27.300","27.600","26.700","2.06M","-0.92%"
"03/16/2023","27.050","27.650","28.200","26.850","4.38M","-1.64%"
"03/15/2023","27.500","28.900","28.950","27.500","8.82M","-5.17%"
"03/14/2023","29.000","29.350","29.400","29.000","1.96M","-1.19%"
"03/13/2023","29.350","29.600","29.700","29.250","815.00K","-1.18%"
"03/10/2023","29.700","29.500","29.700","29.250","778.40K","0.68%"
"03/09/2023","29.500","29.650","29.700","29.250","1.18M","-0.51%"
"03/08/2023","29.650","30.700","30.850","29.600","3.18M","-3.42%"
"03/07/2023","30.700","30.950","31.450","30.700","2.85M","-0.81%"
"03/06/2023","30.950","31.600","31.600","30.700","817.90K","-1.90%"
"03/03/2023","31.550","31.000","31.600","30.900","501.60K","0.48%"
"03/02/2023","31.400","30.700","31.400","30.650","1.17M","2.28%"
"03/01/2023","30.700","31.550","31.600","30.650","1.03M","-2.85%"
"02/28/2023","31.600","31.650","31.700","31.200","1.14M","-0.16%"
"02/27/2023","31.650","31.700","31.700","31.050","706.80K","-1.09%"
"02/24/2023","32.000","31.450","32.100","31.250","417.60K","0.00%"
"02/23/2023","32.000","31.450","32.100","31.250","417.60K","1.75%"
"02/22/2023","31.450","32.050","33.000","31.000","2.43M","-1.87%"
"02/21/2023","32.050","32.200","32.700","32.050","194.00K","-1.99%"
"02/20/2023","32.700","32.050","32.950","32.050","129.30K","-0.76%"
"02/17/2023","32.950","32.600","32.950","32.050","130.90K","0.30%"
"02/16/2023","32.850","32.850","32.850","31.850","392.00K","0.00%"
"02/15/2023","32.850","32.000","32.850","31.500","1.32M","2.50%"
"02/14/2023","32.050","33.000","34.000","32.050","1.57M","-2.88%"
"02/13/2023","33.000","32.800","33.200","32.550","4.56M","1.07%"
"02/10/2023","32.650","33.050","33.050","32.500","417.20K","-1.21%"
"02/09/2023","33.050","33.200","33.600","32.600","1.06M","0.92%"
"02/08/2023","32.750","33.200","33.300","32.550","259.60K","0.46%"
"02/07/2023","32.600","32.600","33.500","32.500","1.57M","-1.06%"
"02/06/2023","32.950","32.650","34.000","32.100","2.42M","0.92%"
"02/03/2023","32.650","33.500","33.550","31.650","1.44M","-2.54%"
"02/02/2023","33.500","31.800","33.600","31.500","2.82M","5.35%"
"02/01/2023","31.800","31.950","32.100","31.350","1.38M","-0.47%"
"01/31/2023","31.950","30.900","31.950","30.550","1.95M","3.40%"
"01/30/2023","30.900","31.250","31.300","30.600","849.10K","-1.90%"
"01/27/2023","31.500","32.100","32.100","31.200","1.42M","-1.87%"
"01/26/2023","32.100","32.800","33.450","32.100","1.26M","-1.53%"
"01/25/2023","32.600","33.100","33.500","32.500","1.03M","-2.83%"
"01/24/2023","33.550","34.050","34.050","33.450","1.01M","-1.61%"
"01/23/2023","34.100","34.050","34.300","33.450","1.29M","0.15%"
"01/20/2023","34.050","33.700","34.450","33.700","2.31M","1.64%"
"01/19/2023","33.500","32.400","34.300","32.250","5.80M","3.72%"
"01/18/2023","32.300","31.900","32.850","31.350","1.11M","3.03%"
"01/17/2023","31.350","31.000","31.900","31.000","410.50K","2.79%"
"01/16/2023","30.500","32.200","33.300","30.500","3.25M","-4.98%"
"01/13/2023","32.100","32.000","33.000","31.800","2.35M","0.31%"
"01/12/2023","32.000","30.700","32.600","30.650","7.62M","4.23%"
"01/11/2023","30.700","29.850","30.750","29.850","3.40M","3.02%"
"01/10/2023","29.800","29.700","30.200","29.650","420.90K","0.00%"
"01/09/2023","29.800","29.700","30.400","29.500","2.16M","0.34%"
"01/06/2023","29.700","29.850","30.050","29.700","341.90K","-0.50%"
"01/05/2023","29.850","30.600","30.600","29.800","1.52M","-2.45%"
"01/04/2023","30.600","29.600","30.650","29.600","2.83M","3.38%"
"01/03/2023","29.600","29.500","29.600","28.850","480.60K","0.34%"
"12/29/2022","29.500","28.750","29.550","28.500","1.11M","1.72%"
"12/28/2022","29.000","29.200","29.250","28.650","1.35M","-1.69%"
"12/27/2022","29.500","29.550","29.950","29.200","615.10K","1.03%"
"12/23/2022","29.200","29.600","29.650","29.000","667.60K","-2.67%"
"12/22/2022","30.000","29.600","30.050","29.600","1.01M","1.35%"
"12/21/2022","29.600","29.550","30.150","29.550","411.30K","-1.33%"
"12/20/2022","30.000","28.900","30.200","28.400","985.10K","3.81%"
"12/19/2022","28.900","29.850","29.850","28.900","413.50K","-3.18%"
"12/16/2022","29.850","30.650","30.650","29.750","281.10K","-2.93%"
"12/15/2022","30.750","30.000","30.800","29.500","388.30K","2.50%"
"12/14/2022","30.000","30.000","30.550","29.250","2.95M","2.04%"
"12/13/2022","29.400","30.600","30.800","29.000","2.64M","-3.92%"
"12/12/2022","30.600","31.900","31.950","30.600","2.32M","-3.77%"
"12/09/2022","31.800","31.250","32.200","31.000","1.43M","2.91%"
"12/07/2022","30.900","31.250","31.300","30.600","180.30K","0.82%"
"12/06/2022","30.650","31.450","31.450","30.650","333.20K","-2.39%"
"12/05/2022","31.400","30.100","31.450","30.000","629.80K","4.32%"
"12/02/2022","30.100","30.450","31.350","30.100","849.90K","-0.33%"
"12/01/2022","30.200","32.150","32.800","30.200","2.70M","-6.07%"
"11/29/2022","32.150","33.000","33.100","32.150","4.29M","-2.87%"
"11/28/2022","33.100","32.400","33.400","32.250","1.99M","1.85%"
"11/25/2022","32.500","31.900","32.500","31.700","2.68M","1.72%"
"11/24/2022","31.950","31.600","32.000","31.600","621.70K","-0.16%"
"11/23/2022","32.000","32.050","32.150","31.900","2.10M","0.00%"
"11/22/2022","32.000","31.500","32.250","31.450","2.01M","1.91%"
"11/21/2022","31.400","31.250","31.500","31.150","430.60K","0.32%"
"11/18/2022","31.300","31.200","31.450","31.150","672.40K","0.32%"
"11/17/2022","31.200","30.900","31.200","30.600","863.80K","1.96%"
"11/16/2022","30.600","30.000","30.750","30.000","1.24M","2.00%"
"11/15/2022","30.000","30.650","30.650","29.900","1.29M","-1.64%"
"11/14/2022","30.500","30.900","30.900","30.050","819.10K","-1.29%"
"11/11/2022","30.900","31.450","31.450","30.800","828.30K","-1.90%"
"11/10/2022","31.500","30.800","31.500","30.150","557.10K","2.27%"
"11/09/2022","30.800","30.700","30.950","30.000","458.10K","0.33%"
"11/08/2022","30.700","30.100","31.500","30.000","2.60M","1.99%"
"11/07/2022","30.100","30.050","30.100","29.950","715.40K","0.33%"
"11/04/2022","30.000","29.850","30.200","29.350","1.88M","0.00%"
"11/03/2022","30.000","29.500","30.000","29.250","1.05M","0.84%"
"11/02/2022","29.750","29.600","30.000","29.350","1.51M","1.36%"
"10/28/2022","29.350","29.000","29.950","28.500","1.46M","1.21%"
"10/27/2022","29.000","29.200","29.200","28.300","317.80K","1.40%"
"10/26/2022","28.600","29.400","29.450","28.250","832.60K","-1.38%"
"10/25/2022","29.000","29.000","29.400","28.900","1.10M","1.75%"
"10/24/2022","28.500","27.650","29.000","27.600","936.90K","3.45%"
"10/21/2022","27.550","27.500","28.350","27.200","2.99M","2.04%"
"10/20/2022","27.000","29.400","29.400","27.000","3.02M","-7.53%"
"10/19/2022","29.200","29.400","29.400","28.700","148.20K","-0.68%"
"10/18/2022","29.400","28.850","29.650","28.700","343.90K","2.26%"
"10/17/2022","28.750","28.400","28.800","28.000","772.40K","1.23%"
"10/14/2022","28.400","28.000","28.500","28.000","479.50K","2.90%"
"10/13/2022","27.600","27.150","27.600","26.800","557.90K","3.18%"
"10/12/2022","26.750","26.500","27.000","26.350","2.19M","-0.19%"
"10/11/2022","26.800","27.500","28.400","26.800","2.24M","-2.19%"
"10/10/2022","27.400","28.300","28.300","27.400","115.00K","-3.18%"
"10/07/2022","28.300","27.500","28.400","27.500","296.40K","2.17%"
"10/06/2022","27.700","28.000","28.650","27.550","814.90K","-1.07%"
"10/05/2022","28.000","28.000","28.650","27.600","370.00K","2.94%"
"10/04/2022","27.200","28.900","29.100","27.200","1.13M","-5.88%"
"10/03/2022","28.900","29.750","29.750","28.100","1.24M","-9.55%"
"09/30/2022","31.950","27.850","31.950","27.150","2.63M","14.11%"
"09/29/2022","28.000","27.950","28.400","27.350","664.60K","1.08%"
"09/28/2022","27.700","28.300","28.700","27.100","974.40K","-3.48%"
"09/27/2022","28.700","29.500","29.500","28.000","854.80K","-3.37%"
"09/23/2022","29.700","29.750","29.800","28.700","603.70K","0.68%"
"09/22/2022","29.500","28.500","29.500","28.000","193.20K","2.61%"
"09/21/2022","28.750","29.600","29.700","28.200","284.00K","-4.17%"
"09/20/2022","30.000","30.100","30.300","29.950","1.23M","0.00%"
"09/19/2022","30.000","29.550","30.000","28.800","3.91M","1.52%"
"09/16/2022","29.550","29.800","29.800","29.400","1.19M","-0.84%"
"09/15/2022","29.800","30.400","30.400","29.150","956.70K","-2.30%"
"09/14/2022","30.500","29.400","30.500","28.850","668.50K","3.57%"
"09/13/2022","29.450","30.000","30.050","29.450","394.40K","-1.83%"
"09/12/2022","30.000","29.950","30.300","29.900","1.25M","0.33%"
"09/09/2022","29.900","29.800","29.900","29.050","620.80K","0.00%"
"09/08/2022","29.900","28.300","29.900","28.300","1.31M","6.03%"
"09/07/2022","28.200","29.800","29.950","28.200","1.22M","-5.69%"
"09/06/2022","29.900","29.700","29.900","29.500","641.50K","0.67%"
"09/05/2022","29.700","29.800","30.000","28.850","596.40K","-0.34%"
"09/02/2022","29.800","28.200","29.800","28.200","757.30K","6.24%"
"09/01/2022","28.050","29.950","29.950","28.050","1.75M","-6.34%"
"08/31/2022","29.950","30.150","30.200","29.800","535.40K","1.18%"
"08/30/2022","29.600","30.000","30.500","29.600","1.01M","-1.33%"
"08/26/2022","30.000","29.800","30.450","29.500","979.30K","1.01%"
"08/25/2022","29.700","28.650","29.800","28.650","365.10K","2.41%"
"08/24/2022","29.000","29.500","29.500","28.900","1.05M","-1.86%"
"08/23/2022","29.550","30.000","30.050","28.600","1.31M","-1.83%"
"08/22/2022","30.100","29.950","30.250","29.900","357.30K","0.00%"
"08/19/2022","30.100","30.000","30.300","29.900","634.70K","0.17%"
"08/18/2022","30.050","30.550","30.550","30.000","371.50K","-1.96%"
"08/17/2022","30.650","30.500","31.200","30.000","1.67M","-0.97%"
"08/16/2022","30.950","30.200","30.950","29.900","2.42M","3.17%"
"08/15/2022","30.000","30.450","30.450","29.850","439.60K","-1.48%"
"08/12/2022","30.450","29.250","30.650","29.200","1.52M","4.46%"
"08/11/2022","29.150","28.500","31.100","28.500","8.19M","2.64%"
"08/10/2022","28.400","28.000","28.400","27.600","3.89M","2.16%"
"08/09/2022","27.800","27.500","28.100","27.350","1.03M","0.91%"
"08/08/2022","27.550","28.000","28.000","27.550","480.80K","0.18%"
"08/05/2022","27.500","28.100","28.200","27.250","986.80K","-3.17%"
"08/04/2022","28.400","28.400","28.850","27.800","2.84M","0.00%"
"08/03/2022","28.400","27.000","28.450","27.000","2.36M","5.19%"
"08/02/2022","27.000","27.500","27.800","26.700","1.52M","-1.82%"
"08/01/2022","27.500","27.600","29.150","27.050","5.86M","-0.54%"
"07/29/2022","27.650","25.450","28.000","25.450","5.72M","8.86%"
"07/28/2022","25.400","24.000","25.400","24.000","1.32M","6.95%"
"07/27/2022","23.750","23.350","23.900","23.200","340.70K","1.71%"
"07/26/2022","23.350","23.500","23.700","23.000","380.40K","-0.64%"
"07/25/2022","23.500","23.000","23.500","22.750","67.00K","2.17%"
"07/22/2022","23.000","22.350","23.200","22.350","2.42M","2.91%"
"07/21/2022","22.350","23.350","23.500","22.250","1.63M","-4.28%"
"07/20/2022","23.350","22.700","23.450","22.700","876.80K","3.78%"
"07/19/2022","22.500","21.800","23.500","21.800","2.34M","3.21%"
"07/18/2022","21.800","22.450","22.450","21.750","3.55M","-2.46%"
"07/15/2022","22.350","21.650","22.350","21.600","2.58M","3.71%"
"07/14/2022","21.550","22.550","22.550","21.050","4.62M","-6.30%"
"07/13/2022","23.000","23.900","23.900","22.550","2.94M","-3.77%"
"07/12/2022","23.900","23.900","23.950","23.550","690.90K","-0.21%"
"07/11/2022","23.950","23.500","23.950","23.400","280.50K","1.70%"
"07/08/2022","23.550","23.650","23.800","23.450","1.07M","0.00%"
"07/07/2022","23.550","23.100","23.900","23.000","1.08M","2.39%"
"07/06/2022","23.000","22.500","23.200","22.500","268.30K","2.00%"
"07/05/2022","22.550","22.950","23.000","22.500","1.86M","-1.96%"
"07/04/2022","23.000","24.000","24.000","22.250","3.06M","-4.17%"
"07/01/2022","24.000","23.800","24.200","23.800","2.26M","0.84%"
"06/30/2022","23.800","24.100","24.350","23.000","1.49M","-1.86%"
"06/29/2022","24.250","24.300","24.300","24.000","1.25M","1.04%"
"06/28/2022","24.000","24.200","24.200","23.950","1.50M","-1.64%"
"06/27/2022","24.400","23.000","24.450","23.000","623.40K","3.83%"
"06/24/2022","23.500","23.850","23.850","23.000","1.11M","-1.47%"
"06/23/2022","23.850","22.950","23.850","22.700","1.56M","3.47%"
"06/22/2022","23.050","23.200","23.500","22.800","1.70M","-0.65%"
"06/21/2022","23.200","23.850","23.850","23.200","699.30K","-1.07%"
"06/20/2022","23.450","23.950","23.950","23.400","1.78M","0.64%"
"06/17/2022","23.300","24.000","24.000","22.600","6.18M","-4.90%"
"06/16/2022","24.500","26.200","26.200","24.500","1.74M","-6.49%"
"06/15/2022","26.200","26.000","26.450","25.900","2.25M","0.58%"
"06/14/2022","26.050","26.200","26.500","25.950","1.80M","-2.98%"
"06/13/2022","26.850","27.100","27.100","26.500","191.00K","-2.36%"
"06/10/2022","27.500","27.450","27.500","26.800","830.30K","0.00%"
"06/09/2022","27.500","27.700","27.700","26.950","729.60K","-0.72%"
"06/08/2022","27.700","27.600","27.700","27.000","788.70K","0.36%"
"06/07/2022","27.600","26.950","27.600","26.950","298.00K","2.22%"
"06/06/2022","27.000","27.000","27.100","26.800","199.40K","0.00%"
"06/03/2022","27.000","27.050","27.050","26.550","613.70K","0.75%"
"06/02/2022","26.800","26.550","27.100","26.100","1.28M","0.75%"
"06/01/2022","26.600","26.400","26.900","26.400","689.90K","0.38%"
"05/31/2022","26.500","26.900","27.200","26.500","1.34M","-1.85%"
"05/30/2022","27.000","27.000","27.200","26.950","1.79M","0.00%"
"05/27/2022","27.000","27.000","27.000","26.650","854.70K","-0.55%"
"05/26/2022","27.150","27.200","27.200","26.650","907.50K","1.50%"
"05/25/2022","26.750","27.250","27.400","26.550","682.90K","-3.43%"
"05/24/2022","27.700","28.300","28.300","27.200","394.70K","0.00%"
"05/23/2022","27.700","27.750","28.400","27.300","932.10K","-0.18%"
"05/20/2022","27.750","27.250","28.500","27.250","3.41M","1.83%"
"05/19/2022","27.250","27.600","28.250","27.000","2.08M","-1.27%"
"05/18/2022","27.600","28.200","28.650","27.500","505.80K","-1.95%"
"05/17/2022","28.150","27.850","28.150","27.000","460.10K","0.90%"
"05/16/2022","27.900","26.450","27.900","26.450","1.25M","3.33%"
"05/13/2022","27.000","26.800","27.100","26.600","905.60K","0.00%"
"05/12/2022","27.000","26.800","28.600","26.800","2.58M","-0.18%"
"05/11/2022","27.050","26.000","28.000","25.950","1.09M","4.04%"
"05/10/2022","26.000","26.200","26.450","25.600","1.26M","-3.88%"
"05/06/2022","27.050","27.500","27.750","27.000","372.30K","-1.64%"
"05/05/2022","27.500","27.500","27.600","27.000","189.80K","0.92%"
"05/04/2022","27.250","27.550","27.750","26.900","881.40K","0.55%"
"05/02/2022","27.100","27.800","28.100","27.000","302.40K","-3.21%"
"04/29/2022","28.000","28.500","28.500","27.600","1.81M","-2.78%"
"04/28/2022","28.800","27.900","28.800","27.800","1.16M","2.86%"
"04/27/2022","28.000","28.500","28.500","27.850","908.10K","-1.75%"
"04/26/2022","28.500","28.800","28.800","28.200","617.10K","-1.55%"
"04/25/2022","28.950","28.300","28.950","28.100","2.40M","2.30%"
"04/22/2022","28.300","28.450","28.900","28.150","1.23M","-0.53%"
"04/21/2022","28.450","28.150","29.350","28.000","1.98M","1.79%"
"04/20/2022","27.950","28.950","28.950","27.900","996.60K","-3.62%"
"04/19/2022","29.000","26.850","29.000","26.850","1.49M","8.01%"
"04/18/2022","26.850","26.600","26.900","26.200","702.10K","1.32%"
"04/13/2022","26.500","26.000","26.500","25.900","1.08M","1.92%"
"04/12/2022","26.000","26.500","26.500","25.900","979.20K","-1.89%"
"04/11/2022","26.500","25.500","26.600","25.200","2.74M","5.37%"
"04/08/2022","25.150","25.000","25.500","24.750","2.40M","0.60%"
"04/07/2022","25.000","26.000","26.100","24.950","1.93M","-3.47%"
"04/06/2022","25.900","26.750","26.800","25.900","1.72M","-3.36%"
"04/05/2022","26.800","27.450","27.450","26.750","850.60K","-2.37%"
"04/04/2022","27.450","27.100","27.700","27.050","372.30K","1.29%"
"04/01/2022","27.100","27.300","27.300","26.800","488.20K","0.37%"
"03/31/2022","27.000","26.300","27.300","26.200","4.19M","2.86%"
"03/30/2022","26.250","26.250","26.700","26.100","5.30M","0.38%"
"03/29/2022","26.150","26.150","26.200","26.100","977.40K","-0.19%"
"03/28/2022","26.200","26.250","26.250","26.150","640.10K","-0.38%"
"03/25/2022","26.300","26.050","26.300","25.800","1.12M","0.38%"
"03/24/2022","26.200","26.100","26.200","26.000","648.20K","0.38%"
"03/23/2022","26.100","26.700","26.700","26.100","756.10K","-2.25%"
"03/22/2022","26.700","26.100","26.700","26.100","895.70K","2.30%"
"03/21/2022","26.100","26.650","26.800","26.100","641.90K","0.38%"
"03/18/2022","26.000","26.350","26.550","26.000","3.49M","-1.52%"
"03/17/2022","26.400","26.500","26.800","26.350","4.60M","-0.38%"
"03/16/2022","26.500","27.000","27.000","26.000","2.19M","-1.85%"
"03/15/2022","27.000","26.000","27.000","24.900","2.25M","2.86%"
"03/14/2022","26.250","26.850","27.000","26.250","2.92M","-2.78%"
"03/11/2022","27.000","26.900","27.000","26.800","2.26M","0.37%"
"03/10/2022","26.900","26.950","27.750","26.800","2.49M","0.19%"
"03/09/2022","26.850","26.350","27.150","26.350","1.98M","2.09%"
"03/08/2022","26.300","27.750","27.750","26.300","1.84M","-8.36%"
"03/07/2022","28.700","27.650","28.700","27.400","534.00K","3.61%"
"03/04/2022","27.700","27.700","28.000","27.650","388.40K","0.18%"
"03/03/2022","27.650","28.900","28.900","27.650","1.01M","-4.33%"
"03/02/2022","28.900","29.100","29.750","28.900","819.40K","-0.34%"
"03/01/2022","29.000","29.250","29.300","28.750","1.24M","-0.85%"
"02/28/2022","29.250","27.500","29.400","27.450","2.97M","4.84%"
"02/24/2022","27.900","28.300","28.750","27.700","2.19M","-1.41%"
"02/23/2022","28.300","28.250","28.700","27.950","1.51M","0.18%"
"02/22/2022","28.250","28.200","28.500","27.500","1.92M","0.18%"
"02/21/2022","28.200","27.500","28.200","27.300","3.43M","2.55%"
"02/18/2022","27.500","26.850","27.700","26.350","6.32M","4.56%"
"02/17/2022","26.300","27.050","27.050","26.300","2.45M","-2.77%"
"02/16/2022","27.050","27.000","27.500","26.850","850.30K","0.00%"
"02/15/2022","27.050","27.800","27.800","26.650","1.30M","-5.75%"
"02/14/2022","28.700","26.500","28.700","26.400","2.61M","8.30%"
"02/11/2022","26.500","27.100","27.350","26.500","2.79M","-1.85%"
"02/10/2022","27.000","27.050","27.200","27.000","1.69M","-0.18%"
"02/09/2022","27.050","27.500","27.850","27.050","2.49M","-1.64%"
"02/08/2022","27.500","28.500","28.500","27.500","1.51M","-1.79%"
"02/07/2022","28.000","29.000","29.900","27.900","2.68M","-3.78%"
"02/04/2022","29.100","29.550","29.600","29.050","3.26M","-1.36%"
"02/03/2022","29.500","29.500","30.100","29.100","3.36M","0.00%"
"02/02/2022","29.500","30.000","30.200","29.100","1.85M","-1.67%"
"01/31/2022","30.000","29.750","30.000","28.900","1.46M","0.84%"
"01/28/2022","29.750","29.300","29.950","29.300","3.69M","1.54%"
"01/27/2022","29.300","28.400","29.350","28.400","2.81M","3.17%"
"01/26/2022","28.400","28.500","28.650","28.200","1.71M","-0.18%"
"01/25/2022","28.450","27.250","28.750","27.250","2.43M","5.37%"
"01/24/2022","27.000","27.750","28.000","27.000","2.22M","-2.53%"
"01/21/2022","27.700","28.150","28.200","27.700","1.12M","-1.42%"
"01/20/2022","28.100","27.900","28.200","27.900","329.80K","0.72%"
"01/19/2022","27.900","28.100","28.300","27.900","1.45M","-0.89%"
"01/18/2022","28.150","28.700","28.700","28.050","2.56M","-1.40%"
"01/17/2022","28.550","28.550","28.900","28.500","1.08M","0.18%"
"01/14/2022","28.500","28.300","28.500","28.250","1.34M","0.71%"
"01/13/2022","28.300","28.450","28.650","28.250","4.40M","-0.53%"
"01/12/2022","28.450","28.800","28.800","28.300","2.40M","-1.56%"
"01/11/2022","28.900","29.300","29.800","28.500","4.84M","-3.02%"
"01/10/2022","29.800","29.950","30.300","29.000","1.82M","-0.67%"
"01/07/2022","30.000","30.200","30.400","30.000","870.60K","-0.66%"
"01/06/2022","30.200","30.300","30.500","30.150","1.19M","-0.17%"
"01/05/2022","30.250","30.200","31.000","30.200","2.32M","0.17%"
"01/03/2022","30.200","30.150","30.450","30.150","668.60K","-0.98%"
"12/31/2021","30.500","31.500","31.500","30.200","2.74M","-3.17%"
"12/29/2021","31.500","31.000","31.500","30.500","1.02M","1.45%"
"12/28/2021","31.050","31.000","31.050","30.200","1.14M","0.16%"
"12/27/2021","31.000","30.050","31.000","30.000","9.39M","3.16%"
"12/24/2021","30.050","30.400","30.400","30.050","731.10K","-0.99%"
"12/23/2021","30.350","30.300","30.500","30.100","934.60K","0.17%"
"12/22/2021","30.300","30.400","30.500","29.750","3.84M","-0.66%"
"12/21/2021","30.500","30.650","30.950","30.350","1.09M","-1.61%"
"12/20/2021","31.000","30.550","31.400","30.350","3.21M","-0.16%"
"12/17/2021","31.050","31.300","31.850","30.000","2.06M","-0.80%"
"12/16/2021","31.300","31.300","31.800","31.000","1.20M","-2.19%"
"12/15/2021","32.000","32.200","32.250","30.300","2.62M","-0.62%"
"12/14/2021","32.200","33.400","33.400","32.200","6.35M","-3.30%"
"12/13/2021","33.300","33.200","33.700","32.100","8.10M","0.91%"
"12/10/2021","33.000","31.850","33.200","31.850","8.38M","3.45%"
"12/09/2021","31.900","31.500","32.200","31.400","7.46M","1.92%"
"12/07/2021","31.300","31.050","31.900","31.050","4.82M","0.97%"
"12/06/2021","31.000","30.500","31.300","30.500","1.56M","0.00%"
"12/03/2021","31.000","31.200","31.200","30.450","1.33M","-0.64%"
"12/02/2021","31.200","31.300","31.300","30.200","757.30K","-0.95%"
"12/01/2021","31.500","31.900","31.900","30.900","2.76M","-1.25%"
"11/29/2021","31.900","30.900","31.900","30.000","4.52M","2.57%"
"11/26/2021","31.100","31.150","31.400","31.000","1.57M","0.32%"
"11/25/2021","31.000","30.500","31.150","30.500","3.63M","1.97%"
"11/24/2021","30.400","30.700","30.800","29.800","1.34M","-0.65%"
"11/23/2021","30.600","30.050","30.600","29.600","1.47M","1.83%"
"11/22/2021","30.050","30.000","30.400","29.700","1.36M","0.17%"
"11/19/2021","30.000","29.750","30.000","29.550","773.20K","0.84%"
"11/18/2021","29.750","29.850","30.000","29.600","1.85M","1.02%"
"11/17/2021","29.450","28.850","29.500","28.850","701.70K","2.61%"
"11/16/2021","28.700","29.850","29.950","28.650","5.21M","-4.01%"
"11/15/2021","29.900","30.300","30.300","29.800","1.68M","-1.32%"
"11/12/2021","30.300","30.100","30.600","30.000","2.33M","0.00%"
"11/11/2021","30.300","30.150","30.750","30.150","620.20K","0.33%"
"11/10/2021","30.200","30.800","30.800","30.200","1.23M","0.00%"
"11/09/2021","30.200","30.100","30.950","30.000","1.86M","0.17%"
"11/08/2021","30.150","31.400","31.450","29.900","3.21M","-3.52%"
"11/05/2021","31.250","30.850","31.450","30.800","6.28M","1.46%"
"11/04/2021","30.800","29.700","30.800","29.350","2.17M","3.70%"
"11/03/2021","29.700","30.000","30.000","29.000","1.89M","-1.49%"
"11/02/2021","30.150","31.200","31.800","29.600","9.82M","-3.37%"
"10/29/2021","31.200","31.200","31.800","30.150","8.04M","0.00%"
"10/28/2021","31.200","31.750","31.900","30.500","4.51M","-1.42%"
"10/27/2021","31.650","30.400","31.650","30.300","7.00M","6.21%"
"10/26/2021","29.800","28.600","30.300","28.300","4.33M","4.56%"
"10/25/2021","28.500","28.700","28.800","28.150","1.50M","0.35%"
"10/22/2021","28.400","28.350","28.800","28.150","1.20M","1.43%"
"10/21/2021","28.000","29.200","29.200","28.000","2.72M","-3.45%"
"10/20/2021","29.000","28.650","29.300","28.600","1.77M","1.75%"
"10/19/2021","28.500","28.500","28.900","28.000","4.80M","0.18%"
"10/18/2021","28.450","29.450","29.450","28.250","1.92M","-3.40%"
"10/15/2021","29.450","29.100","29.750","28.150","3.24M","1.55%"
"10/14/2021","29.000","28.750","29.900","28.750","4.88M","1.75%"
"10/13/2021","28.500","28.850","29.500","27.850","8.15M","-0.52%"
"10/12/2021","28.650","31.000","31.400","28.300","29.73M","-5.76%"
"10/11/2021","30.400","32.700","33.000","29.800","29.73M","-13.02%"
"10/08/2021","34.950","33.000","34.950","31.000","82.11M","2.79%"
"10/07/2021","34.000","34.800","40.000","32.500","76.46M","8.45%"
"10/06/2021","31.350","29.100","32.650","29.100","14.97M","8.10%"
"10/05/2021","29.000","29.000","29.800","28.800","4.04M","0.00%"
"10/04/2021","29.000","28.150","29.050","27.550","2.10M","3.02%"
"10/01/2021","28.150","27.950","28.950","27.700","4.03M","2.36%"
"09/30/2021","27.500","26.400","27.550","25.300","12.47M","3.38%"
"09/29/2021","26.600","27.500","27.500","26.400","3.62M","-3.27%"
"09/28/2021","27.500","28.600","29.450","27.400","1.48M","-3.51%"
"09/27/2021","28.500","29.300","29.450","28.500","2.72M","-3.39%"
"09/24/2021","29.500","30.000","30.000","29.400","7.82M","-1.67%"
"09/23/2021","30.000","29.000","30.200","28.650","5.39M","5.08%"
"09/22/2021","28.550","27.550","28.900","27.000","1.26M","3.63%"
"09/21/2021","27.550","27.800","27.800","26.500","381.00K","-1.61%"
"09/20/2021","28.000","27.600","28.000","27.550","4.78M","-1.06%"
"09/17/2021","28.300","27.000","28.300","27.000","4.44M","4.81%"
"09/16/2021","27.000","26.300","27.300","26.100","1.87M","2.66%"
"09/15/2021","26.300","27.050","27.050","26.100","1.41M","-2.95%"
"09/14/2021","27.100","27.300","27.500","26.900","1.48M","-0.37%"
"09/13/2021","27.200","27.750","27.800","27.000","1.79M","-1.98%"
"09/10/2021","27.750","26.500","27.800","26.500","3.07M","5.51%"
"09/09/2021","26.300","27.450","27.450","26.300","3.83M","-4.36%"
"09/08/2021","27.500","26.350","27.500","26.050","1.41M","5.57%"
"09/07/2021","26.050","26.100","26.350","26.000","743.40K","-1.14%"
"09/06/2021","26.350","26.750","26.900","26.050","1.18M","-1.50%"
"09/03/2021","26.750","26.050","28.000","26.050","4.67M","3.08%"
"09/02/2021","25.950","25.150","26.400","25.150","3.40M","3.18%"
"09/01/2021","25.150","25.000","25.850","24.900","1.46M","0.60%"
"08/31/2021","25.000","24.200","25.000","24.200","1.48M","2.88%"
"08/27/2021","24.300","23.700","24.400","23.650","480.10K","3.40%"
"08/26/2021","23.500","24.250","24.250","23.500","1.88M","-2.69%"
"08/25/2021","24.150","24.500","24.500","23.850","1.37M","-1.43%"
"08/24/2021","24.500","24.150","24.500","24.150","729.30K","1.45%"
"08/23/2021","24.150","23.900","24.450","23.550","697.10K","0.84%"
"08/20/2021","23.950","24.500","24.500","23.350","651.90K","-2.04%"
"08/19/2021","24.450","24.100","24.500","24.100","449.70K","1.66%"
"08/18/2021","24.050","23.500","24.150","23.450","3.10M","2.34%"
"08/17/2021","23.500","22.800","23.500","22.800","1.22M","3.07%"
"08/16/2021","22.800","22.550","23.500","22.550","843.40K","3.17%"
"08/13/2021","22.100","22.750","23.850","22.100","2.18M","-3.70%"
"08/12/2021","22.950","22.600","22.950","22.500","2.08M","1.10%"
"08/11/2021","22.700","22.800","22.900","22.400","522.20K","-0.44%"
"08/10/2021","22.800","22.400","22.800","22.350","283.60K","2.01%"
"08/09/2021","22.350","23.200","23.200","22.350","586.40K","-3.66%"
"08/06/2021","23.200","22.150","23.200","22.150","461.00K","3.57%"
"08/05/2021","22.400","23.250","23.250","22.100","1.68M","-2.61%"
"08/04/2021","23.000","22.650","23.550","22.650","1.80M","1.32%"
"08/03/2021","22.700","22.700","22.900","22.600","1.06M","0.00%"
"08/02/2021","22.700","21.850","23.000","21.300","2.20M","3.18%"
"07/30/2021","22.000","22.700","23.450","22.000","2.70M","-3.51%"
"07/29/2021","22.800","21.800","22.900","21.700","6.30M","3.64%"
"07/28/2021","22.000","21.000","22.500","20.850","1.80M","5.77%"
"07/27/2021","20.800","20.000","21.100","19.960","2.59M","3.48%"
"07/26/2021","20.100","20.350","20.350","19.880","1.57M","-1.23%"
"07/23/2021","20.350","20.500","20.500","20.100","350.70K","-0.73%"
"07/22/2021","20.500","20.400","20.800","20.400","319.60K","1.49%"
"07/21/2021","20.200","20.150","20.650","20.150","1.48M","0.00%"
"07/19/2021","20.200","20.800","21.050","19.800","1.95M","-4.72%"
"07/16/2021","21.200","20.800","21.450","20.800","2.78M","0.95%"
"07/15/2021","21.000","21.750","21.750","21.000","1.11M","-3.45%"
"07/14/2021","21.750","21.850","21.950","21.000","769.10K","-0.46%"
"07/13/2021","21.850","22.000","22.000","21.750","302.60K","-0.68%"
"07/12/2021","22.000","20.950","22.000","20.900","1.47M","5.01%"
"07/09/2021","20.950","20.500","21.100","20.250","1.28M","1.95%"
"07/08/2021","20.550","20.700","20.700","20.000","2.20M","-0.72%"
"07/07/2021","20.700","21.500","21.500","20.200","1.50M","-3.72%"
"07/06/2021","21.500","21.600","22.100","21.250","4.54M","-0.69%"
"07/05/2021","21.650","21.250","21.700","21.250","2.70M","3.10%"
"07/02/2021","21.000","20.000","21.150","20.000","4.97M","6.06%"
"07/01/2021","19.800","20.150","20.150","19.600","1.72M","-1.74%"
"06/30/2021","20.150","20.000","20.300","20.000","5.49M","1.26%"
"06/29/2021","19.900","19.300","19.900","19.300","3.64M","3.65%"
"06/28/2021","19.200","18.800","19.500","18.800","3.46M","2.13%"
"06/25/2021","18.800","18.420","18.800","18.420","1.61M","1.73%"
"06/24/2021","18.480","18.900","19.000","18.300","1.63M","-2.74%"
"06/23/2021","19.000","18.880","19.000","18.820","997.80K","1.06%"
"06/22/2021","18.800","18.600","18.880","18.600","1.65M","2.73%"
"06/21/2021","18.300","18.400","18.800","18.220","1.42M","0.00%"
"06/18/2021","18.300","18.120","18.400","18.120","917.30K","0.99%"
"06/17/2021","18.120","18.300","18.320","18.040","1.25M","-0.98%"
"06/16/2021","18.300","18.700","18.700","18.300","1.08M","-2.14%"
"06/15/2021","18.700","18.980","18.980","18.600","616.80K","-0.74%"
"06/14/2021","18.840","19.000","19.000","18.780","739.30K","-0.95%"
"06/11/2021","19.020","19.200","19.200","18.980","550.40K","-0.63%"
"06/10/2021","19.140","19.200","19.200","19.100","2.65M","0.53%"
"06/09/2021","19.040","19.000","19.060","18.840","3.44M","0.32%"
"06/08/2021","18.980","18.800","19.040","18.700","2.79M","2.59%"
"06/07/2021","18.500","18.480","18.880","18.300","2.46M","0.54%"
"06/04/2021","18.400","18.300","18.440","18.300","2.16M","0.55%"
"06/03/2021","18.300","18.400","18.400","18.280","1.04M","0.44%"
"06/02/2021","18.220","18.400","18.420","17.960","2.09M","-0.98%"
"06/01/2021","18.400","18.400","18.400","18.000","395.20K","0.00%"
"05/31/2021","18.400","18.200","18.400","18.120","1.73M","1.32%"
"05/28/2021","18.160","18.000","18.160","18.000","1.82M","0.89%"
"05/27/2021","18.000","18.060","18.060","17.600","2.51M","-0.33%"
"05/26/2021","18.060","18.020","18.100","17.800","1.61M","0.22%"
"05/25/2021","18.020","18.000","18.020","17.980","1.32M","2.39%"
"05/24/2021","17.600","18.000","18.000","17.540","1.79M","-2.22%"
"05/21/2021","18.000","17.880","18.000","17.540","335.30K","0.67%"
"05/20/2021","17.880","17.620","17.900","17.600","968.90K","1.48%"
"05/19/2021","17.620","17.940","17.940","17.480","223.80K","-1.78%"
"05/18/2021","17.940","17.880","17.940","17.300","1.74M","1.36%"
"05/17/2021","17.700","17.160","17.800","17.140","1.34M","2.31%"
"05/14/2021","17.300","17.700","17.700","17.100","2.68M","-2.26%"
"05/12/2021","17.700","18.100","18.180","17.600","397.90K","-3.28%"
"05/11/2021","18.300","18.440","18.520","18.060","625.30K","-0.54%"
"05/10/2021","18.400","18.420","18.480","18.020","1.67M","0.00%"
"05/07/2021","18.400","18.400","18.440","18.000","1.53M","0.22%"
"05/06/2021","18.360","18.000","18.460","18.000","3.84M","1.77%"
"05/05/2021","18.040","17.900","18.040","17.700","432.50K","0.22%"
"05/04/2021","18.000","18.000","18.000","17.800","206.80K","0.00%"
"05/03/2021","18.000","17.700","18.000","17.600","2.55M","2.27%"
"04/30/2021","17.600","17.540","17.600","17.200","2.80M","0.57%"
"04/29/2021","17.500","17.300","17.580","17.300","149.80K","-0.34%"
"04/28/2021","17.560","17.120","17.560","17.120","584.80K","0.11%"
"04/27/2021","17.540","17.220","17.540","16.980","1.54M","1.86%"
"04/26/2021","17.220","17.120","17.380","17.020","144.80K","1.29%"
"04/23/2021","17.000","17.000","17.060","16.900","5.58M","0.47%"
"04/22/2021","16.920","17.200","17.220","16.900","4.67M","-2.76%"
"04/21/2021","17.400","17.620","17.620","17.260","1.70M","-0.57%"
"04/20/2021","17.500","17.600","17.600","17.480","100.70K","-0.68%"
"04/19/2021","17.620","17.620","17.780","17.220","1.54M","0.00%"
"04/16/2021","17.620","17.600","17.660","17.220","442.40K","0.57%"
"04/15/2021","17.520","17.440","17.640","17.440","106.90K","0.23%"
"04/14/2021","17.480","17.060","17.560","17.060","1.38M","0.69%"
"04/13/2021","17.360","17.260","17.460","17.240","462.00K","0.00%"
"04/12/2021","17.360","17.440","17.440","17.280","1.27M","-0.80%"
"04/08/2021","17.500","17.400","17.600","17.320","717.00K","0.34%"
"04/07/2021","17.440","17.320","17.620","17.320","604.70K","0.81%"
"04/06/2021","17.300","17.700","17.700","17.260","1.19M","0.23%"
"04/05/2021","17.260","17.800","17.800","17.200","1.56M","-3.03%"
"03/31/2021","17.800","17.460","17.800","17.080","1.54M","0.23%"
"03/30/2021","17.760","17.820","17.820","17.400","265.70K","-0.67%"
"03/29/2021","17.880","17.340","17.880","17.340","209.10K","2.41%"
"03/26/2021","17.460","17.900","17.900","17.360","503.20K","-2.68%"
"03/25/2021","17.940","17.240","17.940","17.200","284.90K","4.18%"
"03/24/2021","17.220","17.300","17.480","17.200","462.00K","-0.46%"
"03/23/2021","17.300","17.980","17.980","17.280","664.90K","-1.82%"
"03/22/2021","17.620","17.680","17.700","17.100","1.16M","-1.23%"
"03/19/2021","17.840","17.800","17.980","17.520","1.61M","0.22%"
"03/18/2021","17.800","17.500","17.800","17.000","484.60K","1.71%"
"03/17/2021","17.500","17.500","17.500","17.000","187.50K","1.74%"
"03/16/2021","17.200","16.360","17.200","16.360","1.03M","3.74%"
"03/15/2021","16.580","16.800","16.880","16.420","4.27M","-1.31%"
"03/12/2021","16.800","16.980","16.980","16.780","1.45M","-0.59%"
"03/11/2021","16.900","17.180","17.380","16.500","2.72M","-1.63%"
"03/10/2021","17.180","17.120","17.340","17.040","618.30K","0.47%"
"03/09/2021","17.100","17.340","17.340","16.400","3.41M","-1.38%"
"03/08/2021","17.340","17.700","17.700","17.120","1.01M","-2.03%"
"03/05/2021","17.700","17.960","17.960","17.700","1.14M","-1.56%"
"03/04/2021","17.980","18.000","18.020","17.920","498.90K","0.33%"
"03/03/2021","17.920","18.000","18.000","17.900","396.60K","0.11%"
"03/02/2021","17.900","18.000","18.000","17.900","1.04M","0.00%"
"03/01/2021","17.900","17.900","18.240","17.880","769.20K","0.00%"
"02/26/2021","17.900","18.000","18.440","17.900","7.81M","-0.56%"
"02/24/2021","18.000","17.900","18.000","17.900","1.04M","0.00%"
"02/23/2021","18.000","17.960","18.000","17.920","1.66M","0.00%"
"02/22/2021","18.000","18.000","18.000","17.900","910.20K","0.00%"
"02/19/2021","18.000","17.960","18.000","17.920","1.53M","0.11%"
"02/18/2021","17.980","17.980","18.000","17.940","819.10K","-0.11%"
"02/17/2021","18.000","17.980","18.180","17.900","4.26M","0.11%"
"02/16/2021","17.980","17.920","17.980","17.900","216.20K","0.22%"
"02/15/2021","17.940","17.980","18.000","17.920","554.50K","-0.22%"
"02/11/2021","17.980","18.000","18.000","17.900","71.10K","-0.11%"
"02/10/2021","18.000","17.980","18.000","17.820","1.27M","0.00%"
"02/09/2021","18.000","17.980","18.000","17.700","1.24M","0.00%"
"02/08/2021","18.000","17.980","18.300","17.900","4.27M","0.22%"
"02/05/2021","17.960","17.980","17.980","17.960","881.50K","0.11%"
"02/04/2021","17.940","17.980","17.980","17.820","3.04M","-0.22%"
"02/03/2021","17.980","18.000","18.000","17.900","952.00K","-0.11%"
"02/02/2021","18.000","18.000","18.000","17.800","885.40K","0.00%"
"02/01/2021","18.000","17.500","18.000","17.500","4.36M","2.27%"
"01/29/2021","17.600","18.000","18.000","17.400","4.38M","-2.00%"
"01/28/2021","17.960","17.420","17.960","17.420","1.30M","-0.22%"
"01/27/2021","18.000","18.000","18.000","17.400","774.80K","1.69%"
"01/26/2021","17.700","18.100","18.100","17.120","1.85M","-2.21%"
"01/25/2021","18.100","17.640","18.200","17.640","3.67M","2.61%"
"01/22/2021","17.640","17.600","17.800","17.220","1.82M","-1.45%"
"01/21/2021","17.900","17.060","17.900","17.060","2.00M","4.92%"
"01/20/2021","17.060","17.060","17.100","17.020","4.46M","0.00%"
"01/19/2021","17.060","17.100","17.300","17.000","2.93M","-1.50%"
"01/18/2021","17.320","17.700","17.700","17.040","5.62M","-2.70%"
"01/15/2021","17.800","17.980","18.000","17.800","2.61M","-1.00%"
"01/14/2021","17.980","18.000","18.200","17.820","4.08M","-0.11%"
"01/13/2021","18.000","18.000","18.040","17.920","3.31M","0.00%"
"01/12/2021","18.000","17.820","18.520","17.820","3.44M","1.12%"
"01/11/2021","17.800","18.000","18.000","17.700","473.90K","-1.00%"
"01/08/2021","17.980","17.800","18.000","17.800","1.30M","0.45%"
"01/07/2021","17.900","18.000","18.000","17.700","1.50M","-0.56%"
"01/06/2021","18.000","18.300","18.500","17.320","4.48M","0.00%"
"01/05/2021","18.000","17.980","18.180","17.800","4.27M","0.11%"
"01/04/2021","17.980","17.060","17.980","16.880","1.54M","6.39%"
"12/29/2020","16.900","17.060","17.200","16.900","4.56M","-0.47%"
"12/28/2020","16.980","17.500","17.500","16.820","1.07M","-2.64%"
"12/23/2020","17.440","17.400","17.500","17.100","201.50K","-1.91%"
"12/22/2020","17.780","17.900","17.900","17.320","400.10K","-1.11%"
"12/21/2020","17.980","17.020","17.980","17.000","1.33M","6.01%"
"12/18/2020","16.960","17.000","17.100","16.960","881.90K","-0.24%"
"12/17/2020","17.000","17.300","17.300","17.000","420.40K","-1.73%"
"12/16/2020","17.300","17.400","17.400","17.200","607.60K","-0.46%"
"12/15/2020","17.380","17.100","17.400","17.100","938.80K","1.64%"
"12/14/2020","17.100","17.700","17.700","17.100","1.12M","-3.39%"
"12/11/2020","17.700","17.700","17.780","17.640","1.47M","-0.23%"
"12/10/2020","17.740","18.000","18.000","17.700","667.00K","-1.44%"
"12/09/2020","18.000","18.040","18.220","17.960","1.66M","-0.22%"
"12/07/2020","18.040","17.760","18.080","17.760","2.19M","1.23%"
"12/04/2020","17.820","17.900","18.000","17.700","2.18M","0.68%"
"12/03/2020","17.700","18.000","18.000","17.600","1.01M","-1.56%"
"12/02/2020","17.980","17.980","18.040","17.880","2.35M","0.56%"
"12/01/2020","17.880","17.700","17.980","17.600","1.99M","-0.67%"
"11/27/2020","18.000","16.800","18.000","16.700","6.71M","7.14%"
"11/26/2020","16.800","17.500","17.500","16.680","2.09M","-4.00%"
"11/25/2020","17.500","16.980","17.600","16.980","5.31M","4.79%"
"11/24/2020","16.700","16.000","16.920","16.000","4.79M","4.51%"
"11/23/2020","15.980","16.000","16.040","15.940","2.14M","-0.13%"
"11/20/2020","16.000","16.000","16.040","15.980","2.25M","0.00%"
"11/19/2020","16.000","15.800","16.120","15.800","3.65M","1.52%"
"11/18/2020","15.760","16.000","16.020","15.740","1.06M","-1.38%"
"11/17/2020","15.980","16.000","16.000","15.900","3.45M","0.25%"
"11/16/2020","15.940","15.600","15.980","15.580","2.78M","2.44%"
"11/13/2020","15.560","15.460","15.800","15.460","2.04M","0.65%"
"11/11/2020","15.460","15.800","15.880","15.400","2.43M","-2.03%"
"11/10/2020","15.780","15.800","15.880","15.720","2.96M","1.15%"
"11/09/2020","15.600","15.500","15.820","15.460","2.97M","0.65%"
"11/06/2020","15.500","15.500","15.820","15.120","5.75M","0.78%"
"11/05/2020","15.380","15.200","15.620","15.100","13.36M","2.40%"
"11/04/2020","15.020","14.820","15.140","14.820","6.59M","2.18%"
"11/03/2020","14.700","14.400","14.940","14.400","5.23M","2.80%"
"10/30/2020","14.300","14.500","14.500","14.300","5.40M","-0.28%"
"10/29/2020","14.340","14.760","14.760","14.260","6.47M","-3.11%"
"10/28/2020","14.800","14.840","14.960","14.800","2.49M","-0.27%"
"10/27/2020","14.840","14.940","15.000","14.840","4.56M","-0.67%"
"10/26/2020","14.940","15.060","15.200","14.920","5.71M","-0.66%"
"10/23/2020","15.040","15.300","15.320","15.040","8.29M","-1.70%"
"10/22/2020","15.300","15.680","15.760","15.160","3.82M","-0.26%"
"10/21/2020","15.340","15.120","15.500","15.120","3.48M","1.59%"
"10/20/2020","15.100","15.100","15.380","15.100","5.04M","-0.53%"
"10/19/2020","15.180","15.120","15.300","15.100","2.28M","-0.78%"
"10/16/2020","15.300","15.320","15.360","15.260","328.80K","-0.13%"
"10/15/2020","15.320","15.300","15.400","15.300","2.50M","-0.13%"
"10/14/2020","15.340","15.440","15.460","15.340","2.90M","-0.78%"
"10/13/2020","15.460","15.440","15.560","15.440","443.60K","-0.39%"
"10/12/2020","15.520","15.420","15.580","15.420","2.02M","0.65%"
"10/09/2020","15.420","15.520","15.520","15.380","1.70M","-1.15%"
"10/08/2020","15.600","15.700","15.700","15.500","1.02M","-0.51%"
"10/07/2020","15.680","15.620","15.740","15.620","493.40K","0.38%"
"10/06/2020","15.620","15.820","15.820","15.620","333.70K","-1.26%"
"10/05/2020","15.820","15.840","15.880","15.820","227.70K","-0.13%"
"10/02/2020","15.840","15.820","15.860","15.820","212.00K","-0.50%"
"10/01/2020","15.920","15.980","16.000","15.800","706.80K","-0.50%"
"09/30/2020","16.000","15.700","16.000","15.700","1.18M","1.91%"
"09/29/2020","15.700","15.800","15.840","15.700","168.40K","-1.26%"
"09/28/2020","15.900","15.740","15.900","15.700","511.00K","0.63%"
"09/25/2020","15.800","15.800","15.800","15.700","1.06M","0.00%"
"09/24/2020","15.800","15.800","15.900","15.700","1.77M","-0.50%"
"09/23/2020","15.880","15.900","15.900","15.700","606.00K","1.79%"
"09/22/2020","15.600","15.500","15.600","15.500","1.18M","0.65%"
"09/21/2020","15.500","15.600","15.780","15.500","2.10M","-1.90%"
"09/18/2020","15.800","15.840","15.840","15.600","1.60M","1.28%"
"09/17/2020","15.600","15.900","15.900","15.600","1.06M","-1.89%"
"09/16/2020","15.900","16.000","16.080","15.880","2.10M","-0.87%"
"09/15/2020","16.040","15.900","16.100","15.900","1.28M","0.25%"
"09/14/2020","16.000","16.100","16.100","15.840","515.10K","-0.12%"
"09/11/2020","16.020","16.180","16.280","16.000","867.00K","-0.50%"
"09/10/2020","16.100","15.900","16.100","15.900","1.31M","1.26%"
"09/09/2020","15.900","16.000","16.100","15.900","569.10K","-0.63%"
"09/08/2020","16.000","16.000","16.040","15.800","1.81M","-0.25%"
"09/07/2020","16.040","16.080","16.080","15.980","541.40K","0.25%"
"09/04/2020","16.000","16.100","16.100","15.920","1.30M","0.00%"
"09/03/2020","16.000","15.880","16.000","15.800","1.25M","0.76%"
"09/02/2020","15.880","15.920","15.920","15.800","1.02M","-0.75%"
"09/01/2020","16.000","16.220","16.280","15.900","1.04M","-1.23%"
"08/28/2020","16.200","15.960","16.200","15.900","2.06M","1.50%"
"08/27/2020","15.960","15.800","15.960","15.700","748.30K","1.01%"
"08/26/2020","15.800","15.620","15.800","15.600","2.01M","1.15%"
"08/25/2020","15.620","15.680","15.700","15.500","1.08M","0.64%"
"08/24/2020","15.520","15.900","15.900","15.520","459.10K","-1.77%"
"08/20/2020","15.800","15.940","15.940","15.700","359.20K","-0.63%"
"08/19/2020","15.900","15.600","15.900","15.500","3.50M","0.63%"
"08/18/2020","15.800","15.400","15.800","15.400","741.70K","0.77%"
"08/17/2020","15.680","15.660","15.680","15.200","1.31M","0.00%"
"08/14/2020","15.680","15.700","15.700","15.040","1.80M","-0.13%"
"08/13/2020","15.700","15.380","15.700","15.000","1.17M","1.29%"
"08/12/2020","15.500","15.500","15.500","15.320","742.90K","0.00%"
"08/11/2020","15.500","15.400","15.500","15.140","1.52M","1.71%"
"08/10/2020","15.240","15.240","15.300","14.880","705.40K","0.00%"
"08/07/2020","15.240","15.120","15.260","15.000","1.49M","0.79%"
"08/06/2020","15.120","15.000","15.120","15.000","121.10K","0.80%"
"08/05/2020","15.000","14.800","15.000","14.700","1.72M","0.13%"
"08/04/2020","14.980","14.900","15.040","14.900","4.34M","0.54%"
"08/03/2020","14.900","14.740","14.980","14.600","2.28M","-0.67%"
"07/30/2020","15.000","15.700","15.700","14.700","2.75M","-3.23%"
"07/29/2020","15.500","14.700","15.500","14.700","1.70M","5.44%"
"07/28/2020","14.700","14.800","14.800","14.680","2.89M","0.00%"
"07/27/2020","14.700","15.200","15.200","14.520","2.99M","-3.29%"
"07/24/2020","15.200","15.220","15.220","15.120","3.35M","-0.26%"
"07/23/2020","15.240","15.440","15.440","15.100","1.27M","-1.30%"
"07/22/2020","15.440","15.800","15.800","15.420","1.71M","-2.28%"
"07/21/2020","15.800","16.000","16.000","15.760","3.24M","-0.88%"
"07/20/2020","15.940","15.960","15.980","15.900","1.11M","-0.13%"
"07/17/2020","15.960","15.760","15.960","15.760","703.60K","0.00%"
"07/16/2020","15.960","16.000","16.100","15.900","344.90K","-0.25%"
"07/15/2020","16.000","15.980","16.100","15.900","1.92M","0.13%"
"07/14/2020","15.980","15.900","16.100","15.800","2.92M","0.88%"
"07/13/2020","15.840","16.300","16.300","15.680","1.82M","-3.06%"
"07/10/2020","16.340","16.400","16.400","16.000","1.82M","-0.49%"
"07/09/2020","16.420","16.420","16.420","16.020","1.23M","-0.12%"
"07/08/2020","16.440","16.400","16.620","16.000","1.26M","0.86%"
"07/07/2020","16.300","15.960","16.660","15.960","5.69M","2.26%"
"07/06/2020","15.940","15.600","15.940","15.560","340.30K","2.44%"
"07/03/2020","15.560","15.480","15.600","15.380","1.58M","1.30%"
"07/02/2020","15.360","15.420","15.540","15.120","1.37M","-0.26%"
"07/01/2020","15.400","15.480","15.500","15.160","2.10M","-0.52%"
"06/30/2020","15.480","15.020","15.480","15.020","980.10K","1.98%"
"06/29/2020","15.180","15.000","15.280","14.900","920.20K","1.20%"
"06/26/2020","15.000","15.000","15.200","14.980","2.75M","0.00%"
"06/25/2020","15.000","15.300","15.300","14.920","2.46M","-1.96%"
"06/24/2020","15.300","15.140","15.400","15.140","2.89M","1.06%"
"06/23/2020","15.140","15.200","15.200","15.100","1.56M","-0.53%"
"06/22/2020","15.220","15.200","15.500","15.180","1.68M","-0.52%"
"06/19/2020","15.300","15.880","15.880","15.200","1.94M","-3.16%"
"06/18/2020","15.800","16.000","16.000","15.680","2.33M","-0.63%"
"06/17/2020","15.900","16.000","16.000","15.880","3.52M","0.13%"
"06/16/2020","15.880","15.480","15.900","15.480","3.33M","-0.13%"
"06/15/2020","15.900","16.000","16.200","15.800","2.28M","-0.63%"
"06/11/2020","16.000","16.200","16.480","15.920","2.64M","-1.48%"
"06/10/2020","16.240","16.300","16.500","16.000","3.50M","-0.49%"
"06/09/2020","16.320","16.500","16.500","16.260","2.21M","-2.16%"
"06/08/2020","16.680","16.340","16.720","16.000","4.78M","2.33%"
"06/05/2020","16.300","16.700","16.740","15.800","2.61M","-2.04%"
"06/04/2020","16.640","16.400","16.720","16.000","4.54M","1.46%"
"06/03/2020","16.400","15.500","16.500","15.500","3.58M","6.49%"
"06/02/2020","15.400","15.400","15.500","15.220","1.08M","-0.65%"
"06/01/2020","15.500","15.340","15.700","15.340","538.20K","1.97%"
"05/29/2020","15.200","15.760","16.180","15.200","3.99M","-1.68%"
"05/28/2020","15.460","14.960","15.540","14.960","1.33M","3.62%"
"05/27/2020","14.920","15.000","15.000","14.800","2.10M","-0.53%"
"05/26/2020","15.000","15.280","15.280","14.920","919.30K","-1.83%"
"05/22/2020","15.280","15.100","15.280","14.900","889.40K","2.28%"
"05/21/2020","14.940","15.400","15.400","14.920","2.66M","-2.35%"
"05/20/2020","15.300","15.000","15.340","14.920","2.67M","2.68%"
"05/19/2020","14.900","15.000","15.000","14.800","4.01M","1.36%"
"05/18/2020","14.700","14.680","15.080","14.680","2.04M","0.14%"
"05/15/2020","14.680","14.720","14.740","14.640","1.95M","-0.27%"
"05/14/2020","14.720","15.100","15.160","14.680","1.55M","-3.41%"
"05/13/2020","15.240","15.500","15.700","15.240","3.94M","-1.68%"
"05/12/2020","15.500","15.580","15.840","15.500","1.85M","-0.51%"
"05/11/2020","15.580","15.860","16.320","15.200","1.38M","-1.77%"
"05/08/2020","15.860","15.400","16.600","15.400","2.65M","2.99%"
"05/07/2020","15.400","15.600","16.000","15.000","4.22M","-0.77%"
"05/06/2020","15.520","15.000","15.620","15.000","4.92M","3.60%"
"05/05/2020","14.980","14.200","15.000","14.180","1.29M","4.76%"
"05/04/2020","14.300","14.680","14.680","14.000","6.82M","-2.72%"
"04/30/2020","14.700","14.000","14.700","14.000","2.33M","5.00%"
"04/29/2020","14.000","14.300","14.300","13.900","3.84M","-0.28%"
"04/28/2020","14.040","14.200","14.540","14.020","2.44M","0.29%"
"04/27/2020","14.000","14.100","14.100","13.700","930.10K","-0.71%"
"04/24/2020","14.100","14.100","14.400","13.800","4.92M","0.43%"
"04/23/2020","14.040","14.640","14.800","14.040","1.24M","-3.70%"
"04/22/2020","14.580","14.560","14.580","13.720","2.07M","0.14%"
"04/21/2020","14.560","14.540","14.860","14.200","2.66M","-2.93%"
"04/20/2020","15.000","14.900","15.080","14.460","2.14M","0.13%"
"04/17/2020","14.980","14.340","15.060","14.340","3.04M","4.76%"
"04/16/2020","14.300","13.960","14.380","13.220","1.96M","2.14%"
"04/15/2020","14.000","13.480","14.000","13.040","3.12M","7.69%"
"04/14/2020","13.000","12.600","13.140","12.600","14.12M","2.36%"
"04/13/2020","12.700","12.600","13.000","12.480","1.12M","0.95%"
"04/08/2020","12.580","12.640","12.940","12.500","3.53M","-0.79%"
"04/07/2020","12.680","13.000","13.000","12.560","1.25M","0.63%"
"04/06/2020","12.600","12.700","12.720","12.500","1.60M","-0.79%"
"04/03/2020","12.700","12.980","12.980","12.700","68.20K","-2.16%"
"04/02/2020","12.980","12.840","12.980","12.800","85.90K","1.09%"
"04/01/2020","12.840","13.100","13.100","12.840","695.80K","-0.93%"
"03/31/2020","12.960","12.840","13.300","12.840","1.07M","1.25%"
"03/30/2020","12.800","13.480","13.480","12.480","974.70K","-5.19%"
"03/27/2020","13.500","13.000","13.500","12.980","5.28M","7.14%"
"03/26/2020","12.600","12.700","13.200","12.600","3.18M","0.80%"
"03/25/2020","12.500","13.000","13.900","12.500","4.70M","-1.57%"
"03/24/2020","12.700","12.500","12.980","12.480","3.97M","1.60%"
"03/23/2020","12.500","12.340","12.540","12.300","1.53M","1.30%"
"03/20/2020","12.340","11.040","12.980","11.040","2.09M","2.83%"
"03/19/2020","12.000","13.000","13.500","12.000","5.62M","-16.08%"
"03/17/2020","14.300","13.700","14.300","13.100","2.87M","0.42%"
"03/16/2020","14.240","13.643","14.240","13.045","2.87M","-7.74%"
"03/13/2020","15.435","13.742","15.435","10.456","9.03M","8.09%"
"03/12/2020","14.280","16.929","16.929","13.941","3.94M","-15.75%"
"03/11/2020","16.949","16.889","17.227","16.829","871.60K","-0.47%"
"03/10/2020","17.028","17.128","17.128","16.451","906.70K","-1.16%"
"03/09/2020","17.227","17.845","17.845","15.933","2.88M","-4.42%"
"03/06/2020","18.024","18.004","18.024","17.905","694.70K","0.11%"
"03/05/2020","18.004","18.004","18.044","17.964","3.42M","0.00%"
"03/04/2020","18.004","18.024","18.024","17.885","600.20K","-0.11%"
"03/03/2020","18.024","18.303","18.303","17.924","3.18M","0.00%"
"03/02/2020","18.024","18.024","18.323","18.004","1.65M","0.00%"
"02/28/2020","18.024","18.263","18.263","17.865","1.88M","-1.42%"
"02/27/2020","18.283","18.402","18.482","18.263","1.31M","-0.76%"
"02/26/2020","18.422","18.422","18.462","18.024","3.51M","-0.86%"
"02/24/2020","18.582","18.681","18.701","18.522","266.90K","-0.53%"
"02/21/2020","18.681","18.741","18.741","18.641","966.20K","-0.21%"
"02/20/2020","18.721","18.661","18.801","18.661","908.90K","0.43%"
"02/19/2020","18.641","18.641","18.661","18.622","3.55M","-0.11%"
"02/18/2020","18.661","18.641","18.781","18.641","2.79M","-0.43%"
"02/17/2020","18.741","18.821","18.821","18.661","421.80K","-0.32%"
"02/14/2020","18.801","18.781","18.821","18.781","2.85M","0.11%"
"02/13/2020","18.781","18.781","18.821","18.721","772.50K","0.00%"
"02/12/2020","18.781","18.801","18.801","18.641","399.30K","-0.11%"
"02/11/2020","18.801","18.821","18.821","18.641","349.10K","0.43%"
"02/10/2020","18.721","18.721","18.721","18.283","728.90K","-0.11%"
"02/07/2020","18.741","18.462","18.761","18.462","260.00K","1.51%"
"02/06/2020","18.462","18.801","18.801","18.163","1.33M","-1.90%"
"02/05/2020","18.821","18.422","18.821","18.144","4.84M","2.16%"
"02/04/2020","18.422","18.482","18.602","18.402","5.52M","-0.32%"
"02/03/2020","18.482","18.761","18.781","18.323","6.07M","-1.49%"
"01/31/2020","18.761","18.841","18.841","18.721","3.54M","-0.42%"
"01/30/2020","18.841","18.821","18.920","18.821","3.96M","0.11%"
"01/29/2020","18.821","18.761","18.880","18.761","1.34M","0.32%"
"01/28/2020","18.761","18.821","18.821","18.721","915.60K","0.00%"
"01/27/2020","18.761","18.761","18.781","18.701","505.10K","0.11%"
"01/24/2020","18.741","18.701","18.821","18.681","2.00M","0.32%"
"01/23/2020","18.681","18.562","18.681","18.542","1.50M","0.86%"
"01/22/2020","18.522","18.522","18.542","18.482","498.50K","0.00%"
"01/21/2020","18.522","18.502","18.562","18.502","3.31M","0.11%"
"01/20/2020","18.502","18.522","18.522","18.323","3.20M","-0.11%"
"01/17/2020","18.522","18.542","18.542","18.482","3.01M","0.00%"
"01/16/2020","18.522","18.522","18.622","18.502","3.29M","0.00%"
"01/15/2020","18.522","18.402","18.622","18.323","7.11M","0.65%"
"01/14/2020","18.402","18.323","18.522","18.124","2.55M","1.54%"
"01/13/2020","18.124","18.383","18.402","17.905","1.10M","0.00%"
"01/10/2020","18.124","18.383","18.402","17.905","1.10M","-1.41%"
"01/09/2020","18.383","18.064","18.383","18.064","1.84M","1.99%"
"01/08/2020","18.024","18.124","18.183","17.905","623.70K","-1.09%"
"01/07/2020","18.223","18.303","18.303","17.905","134.90K","-0.44%"
"01/06/2020","18.303","17.825","18.402","17.825","666.40K","2.68%"
"01/03/2020","17.825","17.865","17.924","17.825","4.78M","-0.22%"
"01/02/2020","17.865","17.924","17.924","17.825","868.30K","-0.33%"
"12/27/2019","17.924","17.725","17.924","17.705","182.90K","1.69%"
"12/26/2019","17.626","17.446","17.626","17.367","1.00M","0.00%"
"12/23/2019","17.626","17.765","17.765","17.128","4.10M","-0.78%"
"12/20/2019","17.765","18.084","18.084","17.307","1.96M","-1.76%"
"12/19/2019","18.084","18.462","18.462","18.084","248.70K","-1.30%"
"12/18/2019","18.323","18.323","18.422","18.144","5.37M","-0.43%"
"12/17/2019","18.402","18.383","18.442","18.124","937.60K","-0.11%"
"12/16/2019","18.422","18.422","18.422","18.243","1.64M","0.00%"
"12/13/2019","18.422","18.104","18.422","17.825","2.66M","2.78%"
"12/12/2019","17.924","17.885","17.984","17.865","802.90K","0.22%"
"12/11/2019","17.885","17.905","18.004","17.825","4.83M","-0.11%"
"12/10/2019","17.905","18.024","18.024","17.885","1.21M","-0.66%"
"12/09/2019","18.024","18.343","18.363","17.865","2.39M","-1.74%"
"12/06/2019","18.343","18.920","18.920","18.323","2.53M","-2.95%"
"12/05/2019","18.900","18.920","18.920","18.741","1.78M","-0.11%"
"12/04/2019","18.920","18.920","18.920","18.741","4.12M","0.00%"
"12/03/2019","18.920","18.622","18.920","18.442","4.19M","2.70%"
"12/02/2019","18.422","18.522","18.661","18.383","3.69M","0.00%"
"11/29/2019","18.422","18.024","18.502","17.944","2.90M","2.21%"
"11/28/2019","18.024","18.263","18.263","17.885","475.80K","-1.31%"
"11/27/2019","18.263","18.144","18.263","18.104","1.75M","0.77%"
"11/26/2019","18.124","18.124","18.124","17.905","1.76M","0.00%"
"11/25/2019","18.124","18.024","18.124","17.606","1.83M","1.22%"
"11/22/2019","17.905","17.606","18.124","17.606","380.40K","1.70%"
"11/21/2019","17.606","17.964","18.104","17.606","916.90K","-2.00%"
"11/20/2019","17.964","18.124","18.124","17.725","1.09M","-0.88%"
"11/19/2019","18.124","18.223","18.283","18.124","537.60K","-0.55%"
"11/18/2019","18.223","18.283","18.323","18.024","1.75M","0.00%"
"11/15/2019","18.223","18.223","18.303","18.183","3.94M","0.00%"
"11/14/2019","18.223","17.745","18.323","17.745","3.73M","2.81%"
"11/13/2019","17.725","17.606","17.885","17.466","4.29M","2.30%"
"11/12/2019","17.327","17.148","17.626","17.128","4.12M","1.05%"
"11/11/2019","17.148","17.108","17.168","16.929","2.86M","0.12%"
"11/08/2019","17.128","17.088","17.128","16.789","1.52M","0.58%"
"11/07/2019","17.028","17.128","17.128","16.929","336.60K","-0.58%"
"11/06/2019","17.128","16.869","17.128","16.769","3.00M","1.18%"
"11/05/2019","16.929","16.789","16.929","16.769","3.11M","1.07%"
"11/04/2019","16.749","16.431","16.829","16.431","902.00K","1.94%"
"10/31/2019","16.431","16.491","16.570","16.431","579.90K","-0.12%"
"10/30/2019","16.451","16.909","16.909","16.451","351.30K","-2.82%"
"10/29/2019","16.929","16.710","16.929","16.451","881.10K","0.00%"
"10/28/2019","16.929","16.451","16.929","16.331","771.40K","3.28%"
"10/25/2019","16.391","16.491","16.510","16.371","297.00K","0.24%"
"10/24/2019","16.351","16.331","16.510","16.331","310.90K","0.12%"
"10/23/2019","16.331","16.331","16.351","16.252","1.01M","0.00%"
"10/22/2019","16.331","16.371","16.371","15.933","1.93M","0.00%"
"10/21/2019","16.331","16.291","16.431","16.252","4.07M","0.00%"
"10/18/2019","16.331","16.271","16.431","16.271","1.88M","0.24%"
"10/17/2019","16.291","16.789","16.789","16.152","1.22M","-2.73%"
"10/16/2019","16.749","16.331","16.769","16.331","274.50K","2.56%"
"10/15/2019","16.331","16.152","16.630","16.152","1.17M","1.11%"
"10/14/2019","16.152","16.730","16.730","16.132","1.16M","-3.34%"
"10/11/2019","16.710","16.730","16.809","16.590","307.40K","-0.12%"
"10/10/2019","16.730","16.630","16.730","16.510","567.30K","0.00%"
"10/09/2019","16.730","16.590","16.909","16.491","1.18M","0.00%"
"10/08/2019","16.730","16.929","16.929","16.590","1.16M","-1.18%"
"10/07/2019","16.929","16.889","16.929","16.730","283.70K","0.35%"
"10/04/2019","16.869","16.670","16.869","16.670","1.71M","1.32%"
"10/03/2019","16.650","16.530","16.650","16.431","1.38M","0.72%"
"10/02/2019","16.530","16.431","16.590","16.331","7.73M","0.61%"
"10/01/2019","16.431","16.431","16.451","16.431","1.15M","0.00%"
"09/30/2019","16.431","16.510","16.510","16.331","1.86M","-0.48%"
"09/27/2019","16.510","16.192","16.590","16.192","809.50K","1.84%"
"09/26/2019","16.212","15.933","16.212","15.933","245.00K","2.26%"
"09/25/2019","15.853","16.212","16.212","15.853","440.70K","-2.09%"
"09/24/2019","16.192","15.973","16.232","15.933","1.77M","0.62%"
"09/23/2019","16.092","16.212","16.212","16.032","3.58M","-0.74%"
"09/20/2019","16.212","16.530","16.570","16.192","3.78M","-1.93%"
"09/19/2019","16.530","16.351","16.530","16.232","3.82M","1.10%"
"09/18/2019","16.351","16.351","16.411","16.331","4.06M","-0.12%"
"09/17/2019","16.371","16.331","16.391","16.331","1.90M","0.00%"
"09/16/2019","16.371","16.550","16.630","16.351","4.87M","-1.67%"
"09/13/2019","16.650","16.730","16.730","16.570","1.97M","-0.48%"
"09/12/2019","16.730","16.670","16.730","16.530","741.60K","0.36%"
"09/11/2019","16.670","16.431","16.670","16.431","1.57M","1.33%"
"09/10/2019","16.451","16.530","16.530","16.371","151.10K","-0.60%"
"09/09/2019","16.550","16.630","16.630","16.491","1.77M","-0.48%"
"09/06/2019","16.630","16.710","16.730","16.530","1.79M","-0.60%"
"09/05/2019","16.730","16.431","16.730","16.331","861.00K","1.45%"
"09/04/2019","16.491","16.710","16.710","16.431","616.60K","-1.19%"
"09/03/2019","16.690","16.730","16.809","16.431","455.80K","-0.83%"
"09/02/2019","16.829","16.730","16.889","16.092","1.85M","0.00%"
"08/30/2019","16.829","16.809","17.028","16.730","2.57M","0.12%"
"08/29/2019","16.809","16.690","16.829","16.670","1.03M","0.48%"
"08/28/2019","16.730","16.550","16.730","16.510","1.65M","1.33%"
"08/27/2019","16.510","16.590","16.590","16.491","2.11M","-0.48%"
"08/23/2019","16.590","16.550","16.590","16.471","1.26M","0.36%"
"08/22/2019","16.530","16.331","16.550","16.331","2.26M","0.12%"
"08/20/2019","16.510","15.813","16.650","15.793","3.26M","4.67%"
"08/19/2019","15.774","15.734","15.813","15.634","260.90K","0.00%"
"08/16/2019","15.774","15.634","15.813","15.634","353.60K","0.89%"
"08/15/2019","15.634","15.694","15.714","15.315","1.15M","-0.51%"
"08/14/2019","15.714","15.634","15.734","15.554","1.05M","0.38%"
"08/13/2019","15.654","15.654","15.674","15.574","2.38M","0.00%"
"08/09/2019","15.654","15.634","15.714","15.594","7.59M","0.26%"
"08/08/2019","15.614","15.634","15.694","15.535","2.44M","-0.25%"
"08/07/2019","15.654","15.614","15.793","15.594","1.91M","0.26%"
"08/06/2019","15.614","15.694","15.694","15.535","1.76M","-0.76%"
"08/05/2019","15.734","15.694","15.754","15.574","2.28M","-0.50%"
"08/02/2019","15.813","15.435","15.933","15.435","1.51M","2.45%"
"08/01/2019","15.435","15.634","15.634","15.335","4.72M","-1.27%"
"07/31/2019","15.634","15.833","15.833","15.435","5.82M","-1.26%"
"07/30/2019","15.833","15.893","15.893","15.734","909.90K","-0.38%"
"07/29/2019","15.893","15.873","15.893","15.853","317.20K","0.13%"
"07/26/2019","15.873","15.933","15.933","15.813","7.93M","0.25%"
"07/25/2019","15.833","15.873","15.993","15.594","6.35M","-0.50%"
"07/24/2019","15.913","16.132","16.192","15.554","4.85M","-0.99%"
"07/23/2019","16.072","15.654","16.112","15.614","7.15M","3.46%"
"07/22/2019","15.535","15.116","15.754","15.116","7.65M","3.04%"
"07/19/2019","15.076","15.594","15.594","14.957","16.70M","-3.57%"
"07/18/2019","15.634","16.291","16.291","15.614","13.00M","-4.15%"
"07/17/2019","16.311","16.650","16.650","16.291","8.48M","-2.03%"
"07/16/2019","16.650","16.789","16.829","16.650","6.73M","-0.71%"
"07/15/2019","16.769","16.749","16.829","16.749","1.51M","0.12%"
"07/12/2019","16.749","16.789","16.849","16.749","1.13M","-0.24%"
"07/11/2019","16.789","16.809","16.829","16.749","1.49M","-0.12%"
"07/10/2019","16.809","16.829","16.869","16.789","416.60K","-0.35%"
"07/09/2019","16.869","16.829","16.929","16.829","894.40K","0.24%"
"07/08/2019","16.829","16.889","17.008","16.829","354.40K","-0.24%"
"07/05/2019","16.869","16.869","16.929","16.849","245.80K","0.12%"
"07/04/2019","16.849","17.028","17.028","16.849","557.60K","-0.24%"
"07/03/2019","16.889","16.949","17.207","16.769","1.17M","-1.28%"
"07/02/2019","17.108","16.929","17.128","16.929","482.80K","1.78%"
"07/01/2019","16.809","16.749","17.128","16.749","1.30M","0.48%"
"06/28/2019","16.730","16.929","17.168","16.730","2.35M","-1.18%"
"06/27/2019","16.929","17.347","17.427","16.829","2.67M","-2.41%"
"06/26/2019","17.347","17.207","17.427","17.148","3.48M","0.81%"
"06/25/2019","17.207","17.227","17.287","17.108","1.51M","0.00%"
"06/24/2019","17.207","17.327","17.327","17.148","702.10K","-0.69%"
"06/21/2019","17.327","16.949","17.327","16.909","1.52M","2.35%"
"06/20/2019","16.929","16.849","16.988","16.829","3.02M","0.83%"
"06/19/2019","16.789","16.789","16.929","16.789","2.10M","0.00%"
"06/18/2019","16.789","16.630","16.909","16.630","373.00K","1.57%"
"06/17/2019","16.530","16.471","16.710","16.471","3.35M","0.12%"
"06/14/2019","16.510","16.510","16.650","16.471","1.73M","-0.24%"
"06/13/2019","16.550","17.028","17.088","16.431","2.28M","-2.35%"
"06/11/2019","16.949","17.028","17.048","16.929","2.99M","0.12%"
"06/10/2019","16.929","16.929","16.969","16.929","606.60K","0.00%"
"06/07/2019","16.929","16.929","17.088","16.909","492.30K","-0.23%"
"06/06/2019","16.969","17.028","17.128","16.929","1.87M","0.24%"
"06/04/2019","16.929","16.889","17.068","16.829","2.87M","0.24%"
"06/03/2019","16.889","16.929","17.307","16.849","3.53M","-0.12%"
"05/31/2019","16.909","16.929","17.028","16.730","1.28M","-0.12%"
"05/30/2019","16.929","16.829","16.929","16.670","1.19M","0.00%"
"05/29/2019","16.929","17.048","17.048","16.630","662.30K","-0.93%"
"05/28/2019","17.088","16.271","17.088","16.271","5.11M","5.02%"
"05/27/2019","16.271","16.351","16.411","16.271","522.50K","-0.49%"
"05/24/2019","16.351","16.311","16.451","16.271","430.70K","0.12%"
"05/23/2019","16.331","16.471","16.491","16.311","552.50K","0.00%"
"05/22/2019","16.331","16.291","16.610","16.291","1.89M","0.24%"
"05/21/2019","16.291","16.630","16.630","16.212","1.66M","-2.04%"
"05/20/2019","16.630","16.650","16.769","16.530","1.49M","0.72%"
"05/17/2019","16.510","16.471","16.690","16.451","1.90M","0.48%"
"05/16/2019","16.431","16.471","16.690","16.391","7.03M","-0.12%"
"05/15/2019","16.451","16.411","16.710","16.411","3.13M","0.36%"
"05/14/2019","16.391","16.132","16.431","16.112","2.94M","1.60%"
"05/10/2019","16.132","15.754","16.331","15.734","1.46M","1.12%"
"05/09/2019","15.953","16.471","16.690","15.933","2.66M","-2.79%"
"05/08/2019","16.411","16.809","16.889","16.172","3.00M","-2.14%"
"05/07/2019","16.769","16.610","16.829","16.590","1.65M","1.45%"
"05/06/2019","16.530","16.530","16.730","16.530","176.20K","0.00%"
"05/03/2019","16.530","16.988","17.028","16.530","1.63M","-2.35%"
"05/02/2019","16.929","16.610","17.128","16.570","3.40M","1.92%"
"04/30/2019","16.610","16.610","16.630","16.530","331.70K","-0.12%"
"04/29/2019","16.630","16.530","16.690","16.431","2.48M","1.21%"
"04/26/2019","16.431","16.730","16.730","16.431","1.13M","-1.79%"
"04/25/2019","16.730","16.929","16.969","16.431","858.50K","-1.52%"
"04/24/2019","16.988","17.028","17.227","16.929","9.27M","0.35%"
"04/23/2019","16.929","16.192","16.929","16.192","8.24M","4.55%"
"04/22/2019","16.192","16.072","16.271","16.052","1.34M","0.74%"
"04/17/2019","16.072","16.152","16.192","16.052","1.56M","-0.62%"
"04/16/2019","16.172","16.112","16.291","15.993","1.05M","0.37%"
"04/15/2019","16.112","15.933","16.371","15.933","4.69M","1.12%"
"04/12/2019","15.933","15.793","16.212","15.793","3.41M","1.01%"
"04/11/2019","15.774","15.335","15.833","15.335","1.71M","2.86%"
"04/10/2019","15.335","15.535","15.535","15.296","5.31M","0.00%"
"04/08/2019","15.335","15.435","15.654","15.116","1.72M","0.52%"
"04/05/2019","15.256","15.415","15.415","15.236","1.00M","0.39%"
"04/04/2019","15.196","15.495","15.495","15.156","2.86M","-1.80%"
"04/03/2019","15.475","15.515","15.554","15.415","3.16M","-0.26%"
"04/02/2019","15.515","15.335","15.515","15.236","5.47M","0.65%"
"04/01/2019","15.415","15.634","15.634","15.136","6.48M","0.00%"
"03/29/2019","15.415","15.136","15.475","15.076","4.83M","1.84%"
"03/28/2019","15.136","15.256","15.256","15.096","4.32M","-0.65%"
"03/27/2019","15.236","15.116","15.315","14.937","1.45M","1.32%"
"03/26/2019","15.037","15.634","15.734","14.957","12.35M","-3.82%"
"03/25/2019","15.634","15.554","15.734","15.335","2.73M","0.51%"
"03/22/2019","15.554","15.535","15.754","15.256","1.05M","0.13%"
"03/21/2019","15.535","15.535","15.813","15.535","558.60K","0.00%"
"03/20/2019","15.535","15.335","15.634","15.256","790.00K","1.96%"
"03/19/2019","15.236","15.554","15.634","15.236","796.60K","-1.13%"
"03/18/2019","15.410","15.528","15.706","15.370","969.10K","0.91%"
"03/15/2019","15.271","15.231","15.330","15.093","45.14M","0.26%"
"03/14/2019","15.231","15.528","15.706","15.053","12.98M","-1.53%"
"03/13/2019","15.469","15.588","15.588","15.410","3.74M","-0.38%"
"03/12/2019","15.528","15.330","15.904","15.330","10.19M","2.75%"
"03/11/2019","15.113","15.231","15.390","15.073","6.97M","0.53%"
"03/08/2019","15.034","14.935","15.410","14.895","12.70M","1.20%"
"03/07/2019","14.856","15.053","15.073","14.737","6.28M","0.81%"
"03/06/2019","14.737","14.717","15.073","14.658","9.87M","0.13%"
"03/05/2019","14.717","14.480","14.717","14.242","2.60M","1.64%"
"03/04/2019","14.480","14.242","14.717","14.223","3.92M","1.67%"
"03/01/2019","14.242","14.480","14.480","14.223","1.23M","-2.44%"
"02/28/2019","14.598","14.163","14.638","14.163","2.75M","3.22%"
"02/27/2019","14.144","14.341","14.697","14.144","4.04M","-3.12%"
"02/26/2019","14.598","14.064","14.737","14.064","5.07M","3.94%"
"02/22/2019","14.045","14.302","14.440","14.045","3.67M","-0.84%"
"02/21/2019","14.163","14.064","14.638","14.064","3.05M","0.56%"
"02/20/2019","14.084","14.440","14.440","14.084","2.99M","-2.20%"
"02/19/2019","14.401","14.816","14.816","14.302","2.03M","-2.28%"
"02/18/2019","14.737","14.045","14.796","13.906","7.44M","6.13%"
"02/15/2019","13.886","14.341","14.341","13.886","1.99M","-3.17%"
"02/14/2019","14.341","14.163","14.638","14.025","1.78M","-0.68%"
"02/13/2019","14.440","14.757","14.796","13.965","5.03M","-1.88%"
"02/12/2019","14.717","14.500","14.836","14.500","10.64M","1.78%"
"02/11/2019","14.460","14.460","14.500","14.341","3.47M","0.00%"
"02/08/2019","14.460","14.519","14.539","14.401","3.93M","0.00%"
"02/07/2019","14.460","14.539","14.539","14.401","6.55M","0.14%"
"02/06/2019","14.440","14.144","14.440","14.045","9.17M","2.82%"
"02/04/2019","14.045","13.649","14.045","13.629","6.91M","2.90%"
"02/01/2019","13.649","13.570","13.649","13.550","5.35M","0.58%"
"01/31/2019","13.570","13.451","13.629","13.451","4.14M","0.88%"
"01/30/2019","13.451","13.491","13.609","13.332","1.17M","-1.31%"
"01/29/2019","13.629","13.135","13.649","13.036","1.53M","4.08%"
"01/28/2019","13.095","13.214","13.214","13.095","572.80K","0.30%"
"01/25/2019","13.056","13.036","13.214","12.818","1.58M","1.85%"
"01/24/2019","12.818","12.897","13.234","12.680","1.81M","-0.31%"
"01/23/2019","12.858","13.075","13.154","12.858","2.49M","-1.66%"
"01/22/2019","13.075","13.154","13.550","13.075","764.20K","-0.15%"
"01/21/2019","13.095","13.115","13.352","13.095","1.59M","-0.15%"
"01/18/2019","13.115","13.689","13.689","13.115","1.34M","0.45%"
"01/17/2019","13.056","12.917","13.154","12.878","4.22M","1.07%"
"01/16/2019","12.917","13.293","13.372","12.897","3.77M","-2.83%"
"01/15/2019","13.293","13.649","13.649","13.135","4.89M","-2.47%"
"01/14/2019","13.629","13.847","13.847","13.629","3.22M","-0.14%"
"01/11/2019","13.649","13.689","13.728","13.590","7.72M","0.15%"
"01/10/2019","13.629","13.748","13.748","13.609","7.54M","0.00%"
"01/09/2019","13.629","13.748","13.847","13.609","3.19M","0.29%"
"01/08/2019","13.590","13.847","13.847","13.511","4.54M","-1.86%"
"01/07/2019","13.847","13.352","14.064","13.352","14.14M","4.48%"
"01/04/2019","13.253","12.858","13.352","12.759","6.82M","3.88%"
"01/03/2019","12.759","12.957","12.976","12.739","5.95M","-1.23%"
"01/02/2019","12.917","12.521","12.957","12.521","4.42M","3.65%"
"12/28/2018","12.462","12.462","12.462","12.363","7.37M","0.00%"
"12/27/2018","12.462","12.264","12.462","12.264","4.99M","1.61%"
"12/26/2018","12.264","11.888","12.264","11.888","825.60K","0.16%"
"12/21/2018","12.245","12.264","12.264","12.047","1.44M","-0.16%"
"12/20/2018","12.264","11.948","12.264","11.770","1.33M","2.65%"
"12/19/2018","11.948","11.968","11.968","11.928","268.20K","0.67%"
"12/18/2018","11.869","11.770","11.968","11.770","877.80K","0.84%"
"12/17/2018","11.770","11.968","11.968","11.770","1.88M","-1.65%"
"12/14/2018","11.968","11.869","12.067","11.869","920.60K","0.83%"
"12/13/2018","11.869","11.809","12.086","11.710","1.26M","1.01%"
"12/12/2018","11.750","11.691","11.968","11.691","464.80K","0.51%"
"12/11/2018","11.691","11.710","11.770","11.691","540.10K","-0.17%"
"12/10/2018","11.710","12.126","12.126","11.710","609.20K","-3.43%"
"12/07/2018","12.126","12.146","12.225","12.047","2.27M","-0.16%"
"12/06/2018","12.146","12.165","12.245","11.968","1.37M","0.00%"
"12/05/2018","12.146","12.245","12.343","12.106","515.30K","-0.81%"
"12/04/2018","12.245","11.849","12.264","11.849","2.41M","3.17%"
"12/03/2018","11.869","11.928","12.086","11.809","2.57M","-0.50%"
"11/29/2018","11.928","12.165","12.185","11.869","18.78M","-1.95%"
"11/28/2018","12.165","12.165","12.264","12.067","3.19M","0.99%"
"11/27/2018","12.047","12.047","12.165","11.809","3.10M","0.00%"
"11/26/2018","12.047","12.027","12.363","11.888","1.75M","0.50%"
"11/23/2018","11.987","11.790","12.067","11.770","1.94M","1.68%"
"11/22/2018","11.790","11.671","11.948","11.612","2.67M","1.02%"
"11/21/2018","11.671","12.067","12.067","11.631","4.58M","-3.44%"
"11/20/2018","12.086","12.185","12.185","12.086","1.76M","-1.13%"
"11/19/2018","12.225","12.225","12.343","11.968","6.04M","0.00%"
"11/16/2018","12.225","12.225","12.502","11.710","8.03M","-0.32%"
"11/15/2018","12.264","12.343","12.363","12.185","3.15M","-0.64%"
"11/14/2018","12.343","11.770","12.363","11.770","12.31M","6.30%"
"11/13/2018","11.612","11.572","11.671","11.434","1.92M","-0.34%"
"11/12/2018","11.651","11.513","11.671","11.394","1.02M","1.38%"
"11/09/2018","11.493","11.275","11.671","11.275","2.40M","1.40%"
"11/08/2018","11.335","11.354","11.374","11.077","1.21M","-0.35%"
"11/07/2018","11.374","11.176","11.374","11.117","3.23M","0.88%"
"11/06/2018","11.275","11.275","11.275","11.176","1.26M","0.00%"
"11/05/2018","11.275","11.275","11.374","11.077","638.70K","0.88%"
"10/31/2018","11.176","11.176","11.275","11.176","2.02M","0.00%"
"10/30/2018","11.176","11.374","11.374","11.176","2.19M","-1.74%"
"10/29/2018","11.374","10.899","11.374","10.899","1.36M","1.05%"
"10/26/2018","11.255","11.176","11.275","11.176","1.79M","0.71%"
"10/25/2018","11.176","11.275","11.275","10.880","2.34M","-1.22%"
"10/24/2018","11.315","11.275","11.315","11.077","1.27M","0.00%"
"10/23/2018","11.315","11.275","11.335","11.176","831.20K","0.35%"
"10/22/2018","11.275","11.077","11.275","10.880","1.09M","1.79%"
"10/19/2018","11.077","10.761","11.077","10.662","2.20M","2.94%"
"10/18/2018","10.761","10.801","10.801","10.741","1.40M","-0.55%"
"10/17/2018","10.820","10.820","10.959","10.761","2.72M","0.00%"
"10/16/2018","10.820","10.820","10.880","10.781","2.95M","0.00%"
"10/15/2018","10.820","10.979","10.979","10.801","6.17M","0.74%"
"10/12/2018","10.741","11.038","11.038","10.741","898.20K","-2.69%"
"10/11/2018","11.038","10.880","11.058","10.524","1.58M","-0.36%"
"10/10/2018","11.077","10.801","11.157","10.801","2.74M","2.38%"
"10/09/2018","10.820","10.781","10.840","10.702","2.24M","0.37%"
"10/08/2018","10.781","10.484","10.820","10.484","536.00K","0.55%"
"10/05/2018","10.721","10.385","10.761","10.385","1.67M","0.56%"
"10/04/2018","10.662","10.682","10.682","10.583","467.60K","-0.19%"
"10/03/2018","10.682","10.464","10.840","10.464","2.03M","1.89%"
"10/02/2018","10.484","10.959","10.959","10.425","5.87M","-6.19%"
"10/01/2018","11.176","10.286","11.176","10.187","2.28M","9.71%"
"09/28/2018","10.187","9.930","10.286","9.930","1.16M","0.86%"
"09/27/2018","10.100","10.000","10.280","10.000","2.72M","0.60%"
"09/26/2018","10.040","10.300","10.400","9.980","2.36M","-2.33%"
"09/25/2018","10.280","10.300","10.380","10.240","1.64M","0.19%"
"09/24/2018","10.260","10.200","10.280","10.200","1.49M","1.38%"
"09/21/2018","10.120","10.360","10.360","9.940","10.15M","-2.50%"
"09/20/2018","10.380","10.460","10.460","10.300","4.38M","-0.76%"
"09/19/2018","10.460","10.400","10.480","10.400","4.02M","0.58%"
"09/18/2018","10.400","10.540","10.780","10.380","3.88M","-3.53%"
"09/17/2018","10.780","10.640","10.780","10.520","2.95M","1.13%"
"09/14/2018","10.660","10.700","10.800","10.620","1.70M","-0.19%"
"09/13/2018","10.680","10.700","10.800","10.640","3.71M","0.00%"
"09/12/2018","10.680","10.800","10.820","10.660","6.39M","-1.11%"
"09/11/2018","10.800","10.600","10.900","10.600","2.59M","0.75%"
"09/10/2018","10.720","10.800","10.860","10.580","4.58M","-1.65%"
"09/07/2018","10.900","11.140","11.140","10.840","6.35M","-1.80%"
"09/06/2018","11.100","11.200","11.260","11.020","697.20K","-0.89%"
"09/05/2018","11.200","11.340","11.340","11.140","1.31M","-1.23%"
"09/04/2018","11.340","11.360","11.380","11.300","1.50M","-0.35%"
"09/03/2018","11.380","11.380","11.440","11.340","3.13M","-1.22%"
"08/31/2018","11.520","11.600","11.600","11.420","1.88M","-0.69%"
"08/30/2018","11.600","11.600","11.660","11.580","1.21M","0.00%"
"08/29/2018","11.600","11.780","11.780","11.580","852.70K","0.00%"
"08/28/2018","11.600","11.580","11.800","11.580","1.78M","0.17%"
"08/24/2018","11.580","11.660","11.660","11.560","5.19M","-0.17%"
"08/23/2018","11.600","11.600","11.660","11.580","5.76M","0.17%"
"08/22/2018","11.580","11.580","11.640","11.580","381.00K","-0.17%"
"08/20/2018","11.600","11.620","11.620","11.580","1.59M","-0.51%"
"08/17/2018","11.660","11.660","11.800","11.600","2.29M","0.00%"
"08/16/2018","11.660","11.800","11.800","11.640","313.60K","-1.35%"
"08/15/2018","11.820","11.800","12.000","11.780","2.71M","1.03%"
"08/14/2018","11.700","11.800","11.820","11.680","612.60K","0.17%"
"08/13/2018","11.680","11.700","11.780","11.540","4.51M","1.21%"
"08/10/2018","11.540","11.540","11.720","11.520","5.96M","-0.17%"
"08/09/2018","11.560","11.700","11.700","11.500","2.09M","-1.20%"
"08/08/2018","11.700","11.800","11.840","11.440","3.44M","-1.35%"
"08/07/2018","11.860","11.840","12.000","11.480","2.28M","0.17%"
"08/06/2018","11.840","11.860","11.860","11.800","602.40K","-0.17%"
"08/03/2018","11.860","12.000","12.000","11.800","1.28M","-1.33%"
"08/02/2018","12.020","12.020","12.100","11.900","472.10K","0.17%"
"08/01/2018","12.000","11.900","12.060","11.780","1.67M","0.67%"
"07/31/2018","11.920","11.900","12.000","11.780","933.70K","-0.50%"
"07/30/2018","11.980","11.740","12.000","11.740","2.24M","2.04%"
"07/27/2018","11.740","11.660","11.800","11.660","314.70K","0.69%"
"07/26/2018","11.660","11.760","11.760","11.600","648.80K","-1.02%"
"07/25/2018","11.780","11.640","11.900","11.640","5.76M","2.43%"
"07/24/2018","11.500","11.440","11.600","11.340","556.30K","1.41%"
"07/23/2018","11.340","11.420","11.500","11.300","1.74M","1.25%"
"07/20/2018","11.200","11.160","11.440","11.140","540.60K","0.72%"
"07/19/2018","11.120","11.040","11.300","11.020","2.21M","0.54%"
"07/18/2018","11.060","11.600","11.600","11.060","7.89M","-4.66%"
"07/17/2018","11.600","11.800","11.800","11.500","1.74M","-1.69%"
"07/16/2018","11.800","12.000","12.000","11.660","1.45M","-1.67%"
"07/13/2018","12.000","12.040","12.040","11.920","3.20M","-0.33%"
"07/12/2018","12.040","12.080","12.080","12.000","2.85M","-0.17%"
"07/11/2018","12.060","11.980","12.060","11.960","789.80K","0.50%"
"07/10/2018","12.000","12.040","12.060","11.960","1.05M","0.00%"
"07/09/2018","12.000","12.000","12.040","11.900","257.00K","0.00%"
"07/06/2018","12.000","11.940","12.260","11.820","2.72M","0.67%"
"07/05/2018","11.920","11.900","11.940","11.820","497.10K","0.17%"
"07/04/2018","11.900","11.700","11.900","11.700","1.29M","1.71%"
"07/03/2018","11.700","11.880","11.880","11.680","9.10M","-1.68%"
"07/02/2018","11.900","11.980","11.980","11.760","828.60K","0.00%"
"06/29/2018","11.900","11.900","12.000","11.760","4.22M","0.85%"
"06/28/2018","11.800","11.580","12.020","11.540","3.32M","1.90%"
"06/27/2018","11.580","11.580","11.700","11.540","600.00K","0.00%"
"06/26/2018","11.580","11.760","11.760","11.540","401.80K","-1.36%"
"06/25/2018","11.740","11.600","11.760","11.480","8.11M","1.21%"
"06/22/2018","11.600","11.500","11.760","11.320","1.44M","0.87%"
"06/21/2018","11.500","11.700","11.700","11.400","885.20K","-1.71%"
"06/20/2018","11.700","11.740","11.760","11.500","341.80K","-0.68%"
"06/19/2018","11.780","11.520","11.780","11.300","2.99M","1.90%"
"06/18/2018","11.560","11.920","11.940","11.280","4.72M","-3.18%"
"06/14/2018","11.940","12.000","12.000","11.920","460.90K","-0.50%"
"06/13/2018","12.000","12.200","12.300","11.920","1.33M","-1.64%"
"06/11/2018","12.200","11.960","12.200","11.960","6.03M","2.01%"
"06/08/2018","11.960","12.200","12.300","11.920","5.36M","-1.48%"
"06/07/2018","12.140","11.940","12.240","11.940","6.66M","1.68%"
"06/06/2018","11.940","11.940","11.980","11.740","3.30M","0.34%"
"06/05/2018","11.900","11.800","11.940","11.780","6.44M","1.71%"
"06/04/2018","11.700","11.460","11.760","11.460","4.56M","2.45%"
"06/01/2018","11.420","11.200","11.420","11.200","1.70M","1.96%"
"05/31/2018","11.200","11.260","11.280","11.200","763.40K","-0.53%"
"05/30/2018","11.260","11.060","11.280","11.000","1.90M","1.44%"
"05/29/2018","11.100","11.060","11.140","11.020","1.04M","-0.36%"
"05/28/2018","11.140","11.320","11.320","11.100","323.90K","-1.42%"
"05/25/2018","11.300","11.040","11.340","11.000","1.37M","2.54%"
"05/24/2018","11.020","10.860","11.200","10.860","1.18M","0.18%"
"05/23/2018","11.000","11.400","11.400","10.860","5.45M","-3.51%"
"05/22/2018","11.400","11.520","11.520","11.300","908.60K","-1.04%"
"05/21/2018","11.520","11.480","11.900","11.140","2.13M","0.26%"
"05/18/2018","11.490","11.949","12.029","11.490","6.23M","-3.84%"
"05/17/2018","11.949","12.069","12.268","11.849","2.40M","-0.17%"
"05/16/2018","11.969","11.969","12.188","11.809","7.06M","1.53%"
"05/15/2018","11.789","11.470","12.069","11.171","13.43M","2.25%"
"05/11/2018","11.530","11.370","11.570","11.370","2.76M","1.95%"
"05/10/2018","11.310","11.211","11.430","11.171","5.13M","1.61%"
"05/09/2018","11.131","10.912","11.151","10.912","1.87M","2.01%"
"05/08/2018","10.912","10.832","10.951","10.792","191.60K","1.04%"
"05/07/2018","10.800","10.800","11.000","10.800","358.40K","0.19%"
"05/04/2018","10.780","10.740","10.800","10.740","229.20K","0.37%"
"05/03/2018","10.740","10.700","10.800","10.640","407.90K","0.19%"
"05/02/2018","10.720","10.820","10.820","10.700","1.75M","-0.56%"
"04/30/2018","10.780","10.980","11.000","10.760","783.50K","-1.10%"
"04/27/2018","10.900","10.800","10.980","10.780","641.10K","1.11%"
"04/26/2018","10.780","10.580","10.780","10.500","1.06M","1.70%"
"04/25/2018","10.600","10.700","10.800","10.600","1.07M","-1.30%"
"04/24/2018","10.740","10.960","10.960","10.700","2.77M","-0.56%"
"04/23/2018","10.800","10.900","11.200","10.600","2.68M","-0.92%"
"04/20/2018","10.900","10.640","10.900","10.640","522.00K","1.68%"
"04/19/2018","10.720","10.720","10.720","10.560","3.73M","0.00%"
"04/18/2018","10.720","10.640","10.800","10.600","1.40M","0.19%"
"04/17/2018","10.700","10.900","10.900","10.500","8.05M","-1.83%"
"04/16/2018","10.900","11.500","11.640","10.760","10.57M","-3.20%"
"04/13/2018","11.260","10.980","11.540","10.980","5.32M","2.55%"
"04/12/2018","10.980","10.820","11.200","10.700","2.69M","1.67%"
"04/11/2018","10.800","10.800","10.840","10.760","298.30K","0.19%"
"04/10/2018","10.780","10.840","10.860","10.680","842.30K","-0.55%"
"04/06/2018","10.840","10.840","11.000","10.780","1.59M","0.00%"
"04/05/2018","10.840","11.200","11.200","10.820","1.78M","-1.09%"
"04/04/2018","10.960","11.160","11.360","10.900","1.81M","-1.62%"
"04/03/2018","11.140","10.940","11.340","10.840","2.08M","2.01%"
"04/02/2018","10.920","10.900","11.000","10.700","1.53M","0.18%"
"03/28/2018","10.900","10.660","11.040","10.660","2.90M","-0.55%"
"03/27/2018","10.960","10.620","11.000","10.620","2.20M","3.98%"
"03/26/2018","10.540","10.540","10.820","10.400","4.31M","-2.41%"
"03/23/2018","10.800","10.880","10.880","10.500","5.41M","-1.46%"
"03/22/2018","10.960","11.200","11.200","10.960","2.11M","-0.72%"
"03/21/2018","11.040","11.020","11.680","10.840","8.04M","0.00%"
"03/20/2018","11.040","11.200","11.200","10.840","4.51M","-1.25%"
"03/19/2018","11.180","11.300","11.320","11.100","1.79M","-0.36%"
"03/16/2018","11.220","11.040","11.340","11.040","3.96M","1.81%"
"03/15/2018","11.020","11.000","11.220","10.960","5.32M","0.00%"
"03/14/2018","11.020","11.100","11.100","10.920","3.65M","0.00%"
"03/13/2018","11.020","11.180","11.220","10.960","2.94M","-1.43%"
"03/12/2018","11.180","11.300","11.340","11.100","584.10K","-0.36%"
"03/09/2018","11.220","11.340","11.600","11.220","1.72M","-0.71%"
"03/08/2018","11.300","11.020","11.700","10.900","8.49M","2.54%"
"03/07/2018","11.020","10.560","11.200","10.500","2.11M","3.96%"
"03/06/2018","10.600","10.740","10.780","10.600","1.39M","-1.30%"
"03/05/2018","10.740","10.620","10.900","10.600","689.60K","0.75%"
"03/02/2018","10.660","11.020","11.280","10.500","5.63M","-2.74%"
"03/01/2018","10.960","10.680","11.300","10.580","3.05M","2.43%"
"02/28/2018","10.700","10.860","10.860","10.640","5.47M","-1.47%"
"02/27/2018","10.860","10.880","10.880","10.540","3.97M","0.00%"
"02/26/2018","10.860","10.500","11.000","10.300","8.83M","2.45%"
"02/23/2018","10.600","10.700","10.780","10.520","5.87M","-2.39%"
"02/22/2018","10.860","11.000","11.000","10.500","6.23M","-1.27%"
"02/21/2018","11.000","11.020","11.100","10.820","4.58M","-0.36%"
"02/20/2018","11.040","11.700","11.800","11.000","6.46M","-3.16%"
"02/19/2018","11.400","10.860","11.600","10.600","8.62M","5.17%"
"02/15/2018","10.840","11.000","11.000","10.700","4.03M","-1.45%"
"02/14/2018","11.000","10.920","11.280","10.620","5.85M","0.92%"
"02/13/2018","10.900","11.080","11.300","10.800","7.43M","-1.62%"
"02/12/2018","11.080","10.900","11.380","10.900","38.11M","3.17%"
"02/09/2018","10.740","10.260","10.800","10.100","13.13M","4.07%"
"02/08/2018","10.320","10.040","10.400","9.980","17.70M","3.41%"
"02/07/2018","9.980","9.800","10.040","9.800","7.89M","2.67%"
"02/06/2018","9.720","9.600","9.890","9.550","10.48M","-2.31%"
"02/05/2018","9.950","9.500","9.950","9.240","7.55M","3.43%"
"02/02/2018","9.620","9.300","9.640","9.250","10.88M","3.44%"
"02/01/2018","9.300","9.280","9.640","9.280","5.05M","0.43%"
"01/31/2018","9.260","9.300","9.350","9.200","6.63M","-1.70%"
"01/30/2018","9.420","9.850","9.920","9.350","10.44M","-4.37%"
"01/29/2018","9.850","9.780","10.100","9.620","9.67M","0.72%"
"01/26/2018","9.780","9.800","9.860","9.600","4.10M","-0.10%"
"01/25/2018","9.790","9.520","9.920","9.520","14.45M","3.05%"
"01/24/2018","9.500","9.360","9.500","9.350","9.84M","1.60%"
"01/23/2018","9.350","9.000","9.350","8.900","8.65M","3.89%"
"01/22/2018","9.000","9.080","9.200","8.980","6.99M","-0.33%"
"01/19/2018","9.030","8.670","9.050","8.670","30.97M","4.39%"
"01/18/2018","8.650","8.840","8.870","8.610","9.28M","-1.82%"
"01/17/2018","8.810","9.030","9.040","8.600","8.18M","-2.11%"
"01/16/2018","9.000","8.750","9.040","8.680","13.06M","3.45%"
"01/15/2018","8.700","8.700","8.850","8.550","2.83M","0.00%"
"01/12/2018","8.700","8.680","8.840","8.680","3.88M","0.58%"
"01/11/2018","8.650","8.610","8.700","8.420","4.47M","0.46%"
"01/10/2018","8.610","8.550","8.720","8.550","6.63M","1.06%"
"01/09/2018","8.520","8.480","8.600","8.410","6.79M","0.47%"
"01/08/2018","8.480","8.220","8.480","8.160","7.58M","3.41%"
"01/05/2018","8.200","8.280","8.630","8.200","9.23M","-0.97%"
"01/04/2018","8.280","8.300","8.300","8.260","6.19M","-0.24%"
"01/03/2018","8.300","8.260","8.300","8.240","1.34M","0.24%"
"12/29/2017","8.280","8.190","8.380","8.170","4.46M","1.35%"
"12/28/2017","8.170","8.200","8.220","8.100","4.63M","-0.37%"
"12/27/2017","8.200","8.140","8.200","8.100","1.55M","0.74%"
"12/22/2017","8.140","8.100","8.150","8.080","589.00K","0.99%"
"12/21/2017","8.060","8.050","8.140","8.030","1.53M","-0.37%"
"12/20/2017","8.090","8.100","8.140","8.010","7.54M","-0.12%"
"12/19/2017","8.100","8.150","8.150","8.090","5.58M","-0.61%"
"12/18/2017","8.150","8.180","8.200","8.140","5.90M","-0.61%"
"12/15/2017","8.200","8.240","8.250","8.150","1.16M","-1.09%"
"12/14/2017","8.290","8.310","8.530","8.200","5.24M","-0.12%"
"12/13/2017","8.300","8.250","8.300","8.230","2.38M","0.97%"
"12/12/2017","8.220","8.210","8.250","8.140","1.42M","0.12%"
"12/11/2017","8.210","8.210","8.210","8.100","464.40K","0.24%"
"12/08/2017","8.190","8.110","8.230","8.090","1.34M","0.74%"
"12/07/2017","8.130","8.130","8.240","8.120","1.39M","-0.97%"
"12/06/2017","8.210","8.150","8.250","8.100","552.10K","-0.61%"
"12/05/2017","8.260","8.390","8.400","8.120","1.90M","-1.08%"
"12/04/2017","8.350","8.380","8.420","8.330","4.55M","0.24%"
"12/01/2017","8.330","8.310","8.440","8.310","10.76M","0.97%"
"11/29/2017","8.250","8.300","8.320","8.180","3.09M","-0.60%"
"11/28/2017","8.300","8.250","8.340","8.190","2.95M","1.22%"
"11/27/2017","8.200","8.150","8.320","8.150","4.75M","0.74%"
"11/24/2017","8.140","8.120","8.140","8.100","1.65M","0.49%"
"11/23/2017","8.100","8.100","8.110","8.050","4.96M","1.00%"
"11/22/2017","8.020","8.160","8.190","8.000","3.54M","-1.23%"
"11/21/2017","8.120","8.150","8.150","8.100","3.59M","-0.25%"
"11/20/2017","8.140","8.200","8.210","8.100","2.79M","-0.49%"
"11/17/2017","8.180","8.250","8.250","8.120","5.19M","0.99%"
"11/16/2017","8.100","8.200","8.230","8.020","3.09M","-0.12%"
"11/15/2017","8.110","8.250","8.300","8.110","1.29M","-1.70%"
"11/14/2017","8.250","8.200","8.450","8.200","1.66M","0.24%"
"11/13/2017","8.230","8.480","8.480","8.220","1.06M","-2.95%"
"11/10/2017","8.480","8.350","8.660","8.350","8.89M","2.17%"
"11/09/2017","8.300","8.110","8.350","8.040","3.73M","1.84%"
"11/08/2017","8.150","8.200","8.210","8.100","1.72M","-0.61%"
"11/07/2017","8.200","8.260","8.310","8.000","4.23M","-1.20%"
"11/06/2017","8.300","8.200","8.300","8.090","4.57M","-0.36%"
"11/03/2017","8.330","8.470","8.470","8.200","4.91M","-1.65%"
"11/02/2017","8.470","8.450","8.500","8.420","929.40K","-0.12%"
"10/30/2017","8.480","8.490","8.530","8.460","1.78M","-0.12%"
"10/27/2017","8.490","8.450","8.490","8.380","2.36M","0.83%"
"10/26/2017","8.420","8.550","8.550","8.420","3.12M","-0.82%"
"10/25/2017","8.490","8.500","8.540","8.430","1.48M","-0.12%"
"10/24/2017","8.500","8.450","8.520","8.430","689.10K","-0.58%"
"10/23/2017","8.550","8.640","8.640","8.450","494.70K","-0.81%"
"10/20/2017","8.620","8.600","8.620","8.450","2.15M","0.35%"
"10/19/2017","8.590","8.250","8.590","8.250","4.34M","4.25%"
"10/18/2017","8.240","7.980","8.240","7.950","4.90M","3.26%"
"10/17/2017","7.980","8.090","8.100","7.970","5.41M","-1.60%"
"10/13/2017","8.110","8.200","8.220","8.090","5.72M","-0.98%"
"10/12/2017","8.190","8.190","8.510","8.160","7.58M","0.00%"
"10/11/2017","8.190","8.360","8.360","8.190","3.70M","-2.15%"
"10/10/2017","8.370","8.550","8.570","8.350","8.44M","-2.11%"
"10/09/2017","8.550","8.600","8.600","8.520","1.43M","-0.58%"
"10/06/2017","8.600","8.530","8.700","8.530","1.53M","0.82%"
"10/05/2017","8.530","8.800","8.900","8.500","3.08M","-3.07%"
"10/04/2017","8.800","8.700","8.840","8.700","2.06M","1.15%"
"10/03/2017","8.700","8.900","8.900","8.680","4.57M","-2.25%"
"10/02/2017","8.900","8.960","8.960","8.850","2.44M","0.00%"
"09/29/2017","8.900","8.950","8.950","8.880","963.30K","0.68%"
"09/28/2017","8.840","8.880","9.000","8.800","9.43M","-0.23%"
"09/27/2017","8.860","8.600","8.860","8.600","1.50M","2.67%"
"09/26/2017","8.630","8.940","8.940","8.570","7.80M","-3.36%"
"09/25/2017","8.930","8.920","8.980","8.900","1.86M","0.34%"
"09/22/2017","8.900","9.080","9.250","8.900","1.80M","-1.98%"
"09/21/2017","9.080","8.970","9.180","8.950","1.83M","1.45%"
"09/20/2017","8.950","8.980","9.190","8.920","4.79M","0.90%"
"09/19/2017","8.870","9.130","9.180","8.760","9.34M","-1.99%"
"09/18/2017","9.050","9.400","9.400","9.050","8.38M","-3.72%"
"09/15/2017","9.400","9.500","9.500","9.300","1.64M","-1.05%"
"09/14/2017","9.500","9.480","9.500","9.300","1.69M","0.32%"
"09/13/2017","9.470","9.400","9.470","9.260","3.15M","0.74%"
"09/11/2017","9.400","9.490","9.500","9.350","2.06M","0.00%"
"09/08/2017","9.400","9.300","9.500","9.300","3.95M","1.08%"
"09/07/2017","9.300","9.420","9.700","9.280","6.41M","-1.06%"
"09/06/2017","9.400","9.150","9.440","9.050","5.82M","2.17%"
"09/05/2017","9.200","9.250","9.520","9.200","8.39M","-0.54%"
"09/04/2017","9.250","8.830","9.250","8.700","19.16M","4.28%"
"08/31/2017","8.870","8.740","8.880","8.660","5.17M","1.72%"
"08/30/2017","8.720","8.700","8.800","8.560","1.94M","0.23%"
"08/29/2017","8.700","8.780","8.790","8.690","2.37M","-0.68%"
"08/25/2017","8.760","8.540","8.770","8.520","831.60K","2.46%"
"08/24/2017","8.550","8.800","8.930","8.550","3.08M","-3.39%"
"08/23/2017","8.850","8.840","8.850","8.690","744.60K","0.11%"
"08/22/2017","8.840","8.890","8.900","8.630","1.38M","-0.67%"
"08/18/2017","8.900","8.840","8.950","8.790","7.25M","0.56%"
"08/17/2017","8.850","8.720","8.890","8.500","8.06M","1.49%"
"08/16/2017","8.720","8.800","8.870","8.640","7.43M","-1.13%"
"08/15/2017","8.820","8.330","8.820","8.330","11.69M","5.88%"
"08/14/2017","8.330","7.950","8.350","7.950","12.80M","3.09%"
"08/11/2017","8.080","8.340","8.340","7.870","6.20M","-3.12%"
"08/10/2017","8.340","8.230","8.460","8.200","5.84M","0.72%"
"08/09/2017","8.280","8.630","8.630","8.100","6.67M","-3.94%"
"08/08/2017","8.620","8.790","8.790","8.600","661.40K","-2.05%"
"08/07/2017","8.800","8.690","8.820","8.540","3.19M","0.92%"
"08/04/2017","8.720","8.740","8.850","8.670","2.26M","-0.23%"
"08/03/2017","8.740","8.880","8.900","8.730","1.14M","-1.58%"
"08/02/2017","8.880","8.740","9.000","8.690","2.72M","1.60%"
"08/01/2017","8.740","8.810","8.860","8.620","4.25M","-1.91%"
"07/31/2017","8.910","9.000","9.000","8.880","3.98M","-1.00%"
"07/28/2017","9.000","8.990","9.130","8.950","6.21M","0.00%"
"07/27/2017","9.000","8.980","9.150","8.750","8.33M","0.67%"
"07/26/2017","8.940","8.750","9.000","8.700","7.57M","2.17%"
"07/25/2017","8.750","8.800","8.950","8.620","4.96M","-0.68%"
"07/24/2017","8.810","8.850","8.850","8.700","3.52M","-0.45%"
"07/21/2017","8.850","8.920","9.010","8.590","5.82M","-0.45%"
"07/20/2017","8.890","8.750","9.080","8.750","20.96M","2.07%"
"07/19/2017","8.710","8.310","8.760","8.310","16.12M","5.07%"
"07/18/2017","8.290","8.090","8.370","7.900","14.89M","2.35%"
"07/17/2017","8.100","8.240","8.400","8.060","8.06M","-1.82%"
"07/14/2017","8.250","8.440","8.550","8.220","12.27M","-2.25%"
"07/13/2017","8.440","8.700","8.760","8.360","12.47M","-2.54%"
"07/12/2017","8.660","8.590","8.700","8.200","18.47M","0.81%"
"07/11/2017","8.590","8.630","8.650","8.150","21.62M","-0.46%"
"07/10/2017","8.630","8.630","8.800","8.600","4.47M","0.23%"
"07/07/2017","8.610","8.650","8.880","8.600","5.87M","-0.46%"
"07/06/2017","8.650","8.500","8.880","8.430","27.33M","2.00%"
"07/05/2017","8.480","8.010","8.500","7.950","28.12M","6.13%"
"07/04/2017","7.990","7.730","8.000","7.730","12.81M","3.36%"
"07/03/2017","7.730","7.940","7.950","7.730","6.44M","-2.64%"
"06/30/2017","7.940","7.950","8.050","7.710","16.45M","-0.13%"
"06/29/2017","7.950","7.980","8.040","7.890","6.41M","0.00%"
"06/28/2017","7.950","8.060","8.140","7.940","13.28M","-0.87%"
"06/27/2017","8.020","7.900","8.170","7.880","29.34M","1.52%"
"06/23/2017","7.900","7.540","7.900","7.430","25.38M","4.64%"
"06/22/2017","7.550","7.680","7.850","7.450","34.37M","-3.08%"
"06/21/2017","7.790","7.600","7.980","7.580","36.53M","2.77%"
"06/20/2017","7.580","7.050","7.580","7.040","45.57M","8.29%"
"06/19/2017","7.000","6.850","7.050","6.850","30.05M","2.64%"
"06/16/2017","6.820","6.700","6.990","6.700","23.39M","1.94%"
"06/15/2017","6.690","6.500","6.800","6.500","17.90M","3.40%"
"06/14/2017","6.470","6.580","6.600","6.320","9.02M","-1.67%"
"06/13/2017","6.580","6.590","6.600","6.500","13.15M","-0.15%"
"06/09/2017","6.590","6.500","6.610","6.480","6.87M","1.38%"
"06/08/2017","6.500","6.500","6.630","6.480","18.94M","0.15%"
"06/07/2017","6.490","6.250","6.490","6.190","20.39M","3.84%"
"06/06/2017","6.250","6.270","6.450","6.230","15.50M","-0.32%"
"06/05/2017","6.270","6.070","6.350","6.010","17.88M","3.29%"
"06/02/2017","6.070","6.160","6.350","6.020","35.48M","-2.10%"
"06/01/2017","6.200","5.750","6.270","5.750","56.50M","7.83%"
"05/31/2017","5.750","5.700","5.790","5.660","14.37M","0.88%"
"05/30/2017","5.700","5.410","5.760","5.400","56.41M","5.36%"
"05/29/2017","5.410","5.400","5.410","5.390","39.30M","-0.18%"
"05/26/2017","5.420","5.390","5.440","5.350","20.54M","0.74%"
"05/25/2017","5.380","5.380","5.400","5.340","11.61M","0.00%"
"05/24/2017","5.380","5.380","5.380","5.300","2.30M","-0.55%"
"05/23/2017","5.410","5.410","5.410","5.390","5.66M","0.37%"
"05/22/2017","5.390","5.410","5.430","5.390","4.60M","0.00%"
"05/19/2017","5.390","5.350","5.460","5.350","16.22M","0.75%"
"05/18/2017","5.350","5.420","5.420","5.320","15.95M","-1.47%"
"05/17/2017","5.430","5.400","5.430","5.380","5.80M","0.56%"
"05/16/2017","5.400","5.450","5.490","5.390","13.29M","-0.55%"
"05/15/2017","5.430","5.390","5.490","5.390","16.71M","0.74%"
"05/12/2017","5.390","5.410","5.410","5.350","5.20M","-0.19%"
"05/11/2017","5.400","5.380","5.420","5.340","9.40M","0.19%"
"05/10/2017","5.390","5.380","5.450","5.350","10.79M","0.19%"
"05/09/2017","5.380","5.390","5.390","5.330","4.50M","0.19%"
"05/08/2017","5.370","5.340","5.430","5.320","13.84M","0.56%"
"05/05/2017","5.340","5.360","5.360","5.320","13.42M","-0.37%"
"05/04/2017","5.360","5.290","5.380","5.270","14.27M","1.52%"
"05/03/2017","5.280","5.370","5.370","5.250","8.13M","-1.49%"
"05/02/2017","5.360","5.440","5.450","5.340","6.24M","-1.11%"
"04/27/2017","5.420","5.450","5.560","5.390","29.24M","0.00%"
"04/26/2017","5.420","5.260","5.460","5.230","38.30M","3.24%"
"04/25/2017","5.250","5.220","5.250","5.220","11.57M","0.77%"
"04/24/2017","5.210","5.230","5.240","5.190","6.06M","-0.38%"
"04/21/2017","5.230","5.240","5.260","5.220","7.81M","0.00%"
"04/20/2017","5.230","5.250","5.300","5.200","4.02M","-0.38%"
"04/19/2017","5.250","5.190","5.320","5.170","13.38M","1.16%"
"04/18/2017","5.190","5.220","5.220","5.160","4.93M","-0.38%"
"04/17/2017","5.210","5.280","5.280","5.200","3.39M","-1.33%"
"04/12/2017","5.280","5.240","5.330","5.240","7.50M","0.96%"
"04/11/2017","5.230","5.240","5.240","5.200","8.76M","0.00%"
"04/10/2017","5.230","5.160","5.240","5.160","7.00M","1.36%"
"04/07/2017","5.160","5.210","5.270","5.120","18.04M","-0.77%"
"04/06/2017","5.200","5.150","5.240","5.080","19.91M","0.58%"
"04/05/2017","5.170","5.300","5.320","5.100","32.80M","-2.82%"
"04/04/2017","5.320","5.360","5.370","5.210","19.36M","-0.56%"
"04/03/2017","5.350","5.330","5.460","5.320","56.55M","0.38%"